zh-CN,en-US,es-ES,ja-JP,ko-KR,zh-TW,,,,,,,,,,,,,,,,,,
#Boot,,,,,,,,,,,,,,,,,,,,,,,
正在读取[?],Loading [?],Cargando [?],[?]読み込み中,파일을 읽는 중 [?],正在讀取[?],,,,,,,,,,,,,,,,,,
正在解压[?],Extracting [?],Descomprimiendo [?],[?]解凍中,압축을 해제 중 [?],正在解壓[?],,,,,,,,,,,,,,,,,,
正在初始化,Initializing,Inicializando,初期化中,초기화 중,正在初始化,,,,,,,,,,,,,,,,,,
正在读取数据,Loading Data,Leyendo datos,読み込み中,데이터 읽는 중,正在讀取數據,,,,,,,,,,,,,,,,,,
正在进入游戏,Entering Game,Entrando al juego,ゲーム開始,게임 접속 중,正在進入遊戲,,,,,,,,,,,,,,,,,,
,,,,,,,,,,,,,,,,,,,,,,,
#Menu,,,,,,,,,,,,,,,,,,,,,,,
人机模式,SOLO,MODO IA,ＡＩ対戦,AI 모드,人機模式,,,,,,,,,,,,,,,,,,
联机模式,ONLINE,MODO ONLINE,ネット対戦,온라인 모드,聯機模式,,,,,,,,,,,,,,,,,,
残局模式,PUZZLE,MODO PUZZLE,詰めデュエル,퍼즐 모드,殘局模式,,,,,,,,,,,,,,,,,,
观看回放,REPLAYS,VER REPETICIÓN,リプレイ,리플레이 열람,觀看回放,,,,,,,,,,,,,,,,,,
观看动画,CUT-IN,VER ANIMACIÓN,演出鑑賞,라이브 2D 열람,觀看動畫,,,,,,,,,,,,,,,,,,
查看伙伴,MATES,COMPAÑEROS,メイト,메이트 열람,查看夥伴,,,,,,,,,,,,,,,,,,
编辑卡组,DECK,EDITAR DECK,デッキ編集,덱 편집,編輯牌組,,,,,,,,,,,,,,,,,,
游戏设置,SETTINGS,AJUSTES,ゲーム設定,게임 설정,遊戲設置,,,,,,,,,,,,,,,,,,
退出游戏,EXIT,SALIR,ゲーム終了,게임 종료,退出遊戲,,,,,,,,,,,,,,,,,,
检测到新版本[[?]]。,A new Version has been Detected[[?]].,Se ha detectado una nueva versión[[?]].,新バージョン[[?]]が見つかりました。,새 버전이 감지되었습니다 [[?]]。,檢測到新版本[[?]]。,,,,,,,,,,,,,,,,,,
检查更新失败！,Failed to Check for Updates!,Fallo al verificar actualizaciones. Comprueba tu conexión a internet.,新バージョンチェック失敗,업데이트 확인 실패!,檢查更新失敗！,,,,,,,,,,,,,,,,,,
确认退出,Confirm Exit,Confirmar Salida,ゲーム終了確認,종료 확인,确認退出,,,,,,,,,,,,,,,,,,
即将退出应用程序，@n是否确认？,Are you sure you want to exit the game?,¿Realmente desea salir de la aplicación?,ゲームは終了しますか？,"앱을 종료합니다, @n 확인하시겠습니까?",即將退出應用程序，@n是否确認？,,,,,,,,,,,,,,,,,,
,,,,,,,,,,,,,,,,,,,,,,,
#Solo,,,,,,,,,,,,,,,,,,,,,,,
人机概述,AI Deck Description,Descripción del bot,デッキ説明,AI 모드 설정,人機槪述,,,,,,,,,,,,,,,,,,
AI始终出剪刀,Always Plays Scissors (AI),Siempre tijeras(IA),チョキ固定,AI가 항상 가위를 냅니다,AI始終出翦刀,,,,,,,,,,,,,,,,,,
不检查卡组,No Deck-Check,No revisar deck,チェックなし,덱 확인 안함,不檢查牌組,,,,,,,,,,,,,,,,,,
不洗切卡组,No Shuffle,No barajar deck,シャッフルなし,덱 섞지 않음,不洗切牌組,,,,,,,,,,,,,,,,,,
端口：,Port: ,Puerto: ,ＰＯＲＴ：,포트：,端口：,,,,,,,,,,,,,,,,,,
基本分：,Life Point: ,LP Iniciales: ,ＬＰ：,초기 라이프：,基本分：,,,,,,,,,,,,,,,,,,
初始手牌数：,Starting Hand: ,Mano Inicial: ,初期手札枚数：,시작 패 매수：,初始手牌數：,,,,,,,,,,,,,,,,,,
每回合抽卡：,Cards per Draw: ,Cartas por Robo: ,毎ターンドロー枚数：,턴 드로우 매수：,每回合抽牌：,,,,,,,,,,,,,,,,,,
请先为AI选择有效的卡组。,Please select a valid deck for AI.,Selecciona un deck válido para la IA,使用できるＡＩデッキを選択してください。,AI에게 유효한 덱을 선택하세요.,請先為AI選擇有效的卡組。,,,,,,,,,,,,,,,,,,
端口被占用， 请尝试修改端口后再尝试。端口号应大于0，小于65535。,The port is occupied. Please try modifying the port before attempting again. The port number should be greater than 0 and less than 65535.,El puerto está ocupado. Intente modificarlo antes de volver a intentarlo. Debe estar entre 1 y 65534.,ポートが占有されています、ポートを変更して再試行してください。ポートナンバーは０から６５５３６までです。,포트가 사용 중입니다. 포트를 변경한 후 다시 시도하십시오. 포트 번호는 0보다 크고 65535보다 작아야 합니다.,端口被佔用，請嘗試修改端口後再嘗試。 端口號應大於0，小於65535。,,,,,,,,,,,,,,,,,,
,,,,,,,,,,,,,,,,,,,,,,,
#Online,,,,,,,,,,,,,,,,,,,,,,,
对战昵称：,Player Name:  ,Apodo: ,ゲーム名：,닉네임：,對戰暱稱：,,,,,,,,,,,,,,,,,,
主机地址：,Host IP:  ,Servidor: ,ＩＰ：,호스트 주소：,主機地址：,,,,,,,,,,,,,,,,,,
主机端口：,Port:  ,Puerto del servidor: ,ＰＯＲＴ：,호스트 포트：,主機端口：,,,,,,,,,,,,,,,,,,
主机密码：,Password:  ,Contraseña: ,パスワード：,호스트 비밀번호：,主機密碼：,,,,,,,,,,,,,,,,,,
保存预设,Save Preset,Guardar preestablecida,設定保存,프리셋 저장,保存預設,,,,,,,,,,,,,,,,,,
请输入预设名称,Please Enter a Preset Name,Ingresa el nombre del servidor,名前を入力,프리셋 이름 입력,請輸入預設名稱,,,,,,,,,,,,,,,,,,
创建主机,Create Host,Anfitrión,部屋を建てる,호스트 생성,創建主機,,,,,,,,,,,,,,,,,,
加入游戏,Join Game,Unirse al juego,ゲーム開始,게임 참가,加入遊戲,,,,,,,,,,,,,,,,,,
传统联机,Online,ONLINE,ＯＮＬＩＮＥ対戦,로컬 온라인,傳統聯機,,,,,,,,,,,,,,,,,,
本地主机,LAN,LAN,ＬＡＮ対戦,로컬 호스트,本地主機,,,,,,,,,,,,,,,,,,
账号：,Account: ,Usuario: ,アカウント：,계정：,帳號：,,,,,,,,,,,,,,,,,,
密码：,Password: ,Contraseña: ,パスワード：,비밀번호：,密碼：,,,,,,,,,,,,,,,,,,
注册,Register,Registrarse,登録,등록,註冊,,,,,,,,,,,,,,,,,,
登录,Login,Iniciar sesión,ログイン,로그인,登入,,,,,,,,,,,,,,,,,,
登录失败：,Login Failed:,Error de inicio de sesión:,ログイン失敗,로그인 실패：,登入失敗：,,,,,,,,,,,,,,,,,,
请检查网络连接,Please Check Your Network Connection,Por favor verifique su conexión de red,ネットワーク接続を確認してください,네트워크 연결을 확인하십시오,請檢查網絡連接,,,,,,,,,,,,,,,,,,
退出登录,Log Out,Cerrar sesión,ログアウト,로그아웃,登出,,,,,,,,,,,,,,,,,,
是否确认退出登录？,Are you sure to Log Out?,¿Estás seguro que quieres cerrar la sesión?,ログアウトしますか？,로그아웃 하시겠습니까?,是否確認登出？,,,,,,,,,,,,,,,,,,
账号不能为空,Account Cannot be Empty,El usuario no puede estar vacío,アカウントを空白にすることはできません,계정은 비워 둘 수 없습니다,帳號不能為空,,,,,,,,,,,,,,,,,,
密码不能少于6位,The Password Cannot be less than 6 Characters,La contraseña no puede tener menos de 6 caracteres,パスワードは６数字未満にすることはできません,비밀번호는 6자리 이상이어야 합니다,密碼不能少於6位,,,,,,,,,,,,,,,,,,
经验值,EXP,EXP,経験値,경험치,經驗值,,,,,,,,,,,,,,,,,,
竞技胜场,Ranked Wins,Victorias Competitivas,試合勝利数,레이팅 승리,競技勝場,,,,,,,,,,,,,,,,,,
竞技胜率,Ranked Winning %,% Victorias Competitivas,試合勝率,레이팅 승률,競技勝率,,,,,,,,,,,,,,,,,,
竞技排名,Competitive Ranking,Ranking Competitivo,試合ランキング,레이팅 순위,競技排名,,,,,,,,,,,,,,,,,,
娱乐总场,Casual Games,Victorias Casuales,フリー試合数,예능 총 경기,娛樂總場,,,,,,,,,,,,,,,,,,
娱乐排名,Casual Ranking,Ranking Casual,フリーランキング,예능 순위,娛樂排名,,,,,,,,,,,,,,,,,,
登录MyCard账号即可同步所有本地卡组至MyCard,Log in to MyCard to Synchronize all Local Decks to MyCard,Inicie sesión en MyCard para sincronizar todos los decks locales con MyCard.,MyCard アカウントにログインして、すべてのオフラインデッキを MyCard オンラインデッキに同期します,MyCard 계정에 로그인하면 모든 로컬 덱을 MyCard로 동기화할 수 있습니다,登入MyCard帳號即可同步所有本地卡組至MyCard,,,,,,,,,,,,,,,,,,
MyCard登录失败。,Mycard Account Login Failed,Error al iniciar sesión en MyCard.,MyCard ログイン失敗,MyCard 로그인에 실패했습니다.,MyCard登入失敗。,,,,,,,,,,,,,,,,,,
获取MyCard卡组失败：,Failed to Download MyCard Deck:,No se pudo descargar el deck desde MyCard:,MyCardデッキの取得に失敗しました：,MyCard 덱 가져오기 실패：,獲取MyCard卡組失敗：,,,,,,,,,,,,,,,,,,
未选中有效卡组,No Valid Deck Selected,Elija un deck válido,使用できるデッキが選択されていません：,유효한 덱을 선택하지 않았습니다,未選中有效卡組,,,,,,,,,,,,,,,,,,
上传本地卡组成功。,Successfully Uploaded Local Deck.,El deck local se cargó exitosamente.,オフラインデッキアップロード成功しました。,로컬 덱 업로드 성공.,上傳本地卡組成功。,,,,,,,,,,,,,,,,,,
同步卡组成功。,Successfully Synchronized the Deck.,El deck se sincronizó exitosamente.,デッキ同期が成功しました。,덱 동기화 성공.,同步卡組成功。,,,,,,,,,,,,,,,,,,
同步卡组失败。,Synchronize Deck Failed.,Ha fallado la sincronización de decks.,デッキ同期が失敗しました。,덱 동기화 실패.,同步卡組失敗。,,,,,,,,,,,,,,,,,,
竞技匹配,Ranked Match,Match Competitivo,試合マッチング,레이팅 매칭,競技匹配,,,,,,,,,,,,,,,,,,
娱乐匹配,Casual Match,Match Casual,フリーマッチング,예능 매칭,娛樂匹配,,,,,,,,,,,,,,,,,,
匹配失败,Matching Failed,Falló el emparejamiento,マッチング失敗,매칭 실패,匹配失敗,,,,,,,,,,,,,,,,,,
搜索决斗者,Search Duelist,Buscar Duelistas,決闘者サーチ,듀얼리스트 검색,蒐索決鬥者,,,,,,,,,,,,,,,,,,
创建房间,Create Room,Crear una sala,ルームの作成,공간 만들기,創建房間,,,,,,,,,,,,,,,,,,
检测到新版先行卡，请至 [游戏设置]-[扩展卡包]-[更新先行卡] 处进行更新。,A new version of SuperPre Cards has been Detected. Please go to [SETTING] - [Expansions] - [Update SuperPre cards] to Update it.,Nuevas cartas pre-lanzadas detectadas. Ir a [Ajustes]-[Usar expansiones]-[Actualizar expansiones (cartas pre-lanzadas)].,新しい先行カードが検出されました。[ゲーム設定]-[拡張パッケージ]-[先行カードの更新]で更新してください。,새 선행 카드가 발견되었습니다. [게임 설정] - [카드 확장팩] - [프리릴리즈 카드 업데이트]에서 업데이트하십시오.,檢測到新版先行卡，請至[遊戲設置]-[擴展卡包]-[更新先行卡]處進行更新。,,,,,,,,,,,,,,,,,,
用户名不能为空。,Player Name Cannot be Empty.,El nombre de usuario no puede estar vacío.,プレイヤー名は空にできません。,사용자 이름은 비워둘 수 없습니다.,用戶名不能為空。,,,,,,,,,,,,,,,,,,
主机地址和端口不能为空。,Host IP and Port Cannot be Empty.,La dirección y el puerto del host no pueden estar vacíos.,ＩＰとＰＯＲＴは空にすることはできません。,호스트 주소와 포트는 비워둘 수 없습니다.,主機地址和端口不能為空。,,,,,,,,,,,,,,,,,,
,,,,,,,,,,,,,,,,,,,,,,,
#Online Server,,,,,,,,,,,,,,,,,,,,,,,
禁限卡表,Forbidden & Limited Lists,Banlist,リミットレギュレーション,금지 카드 목록,禁限卡表,,,,,,,,,,,,,,,,,,
禁限卡表：,Forbidden & Limited Lists:,Banlist: ,リミットレギュレーション：,금지 카드 목록：,禁限卡表：,,,,,,,,,,,,,,,,,,
卡片允许,Allowed Cards,Permitir cartas,使用できるカード,카드 허용,卡片允許,,,,,,,,,,,,,,,,,,
卡片允许：,Allowed Cards:,Permitir cartas: ,使用できるカード：,카드 허용：,卡片允許：,,,,,,,,,,,,,,,,,,
决斗模式,Duel Mode,Modo de duelo,デュエルモード,듀얼 모드,決鬥模式,,,,,,,,,,,,,,,,,,
决斗模式：,Duel Mode:,Modo de duelo: ,デュエルモード：,듀얼 모드：,決鬥模式：,,,,,,,,,,,,,,,,,,
特殊选项：,Extra Option:,Opciones especiales: ,特殊設定：,특수 옵션：,特殊選項：,,,,,,,,,,,,,,,,,,
每回合时间：,Time Limit:,Tiempo por turno: ,ターン制限時間：,매 턴 시간：,每回合時間：,,,,,,,,,,,,,,,,,,
初始基本分：,Starting LP:,Puntuación inicial: ,初期ＬＰ：,초기 라이프：,初始基本分：,,,,,,,,,,,,,,,,,,
,,,,,,,,,,,,,,,,,,,,,,,
#Puzzle,,,,,,,,,,,,,,,,,,,,,,,
残局概述,Puzzle Description,Descripción del Puzzle,詰めデュエル説明,퍼즐 설정,殘局槪述,,,,,,,,,,,,,,,,,,
启动残局<#FF0000>[?]</color>失败。,Fail to start Puzzle <#FF0000>[?]</color>.,Fallo al iniciar el Puzzle<#FF0000>[?]</color>Error.,<#FF0000>[?]</color>ゲーム再開失敗。,퍼즐 <#FF0000>[?]</color> 로딩 실패.,啓動殘局<#FF0000>[?]</color>失敗。,,,,,,,,,,,,,,,,,,
,,,,,,,,,,,,,,,,,,,,,,,
#Replay,,,,,,,,,,,,,,,,,,,,,,,
播放回放,Play Replay,Reproducir,再生開始,리플레이 재생,播放回放,,,,,,,,,,,,,,,,,,
上帝视角,God View,Vista de Dios,ゴッドモード,관전 시점,上帝視角,,,,,,,,,,,,,,,,,,
修改名称,Rename,Renombrar,リプレイ名変更,이름 수정,修改名稱,,,,,,,,,,,,,,,,,,
删除回放,Delete Replay,Eliminar,リプレイ削除,리플레이 삭제,删除回放,,,,,,,,,,,,,,,,,,
时间排序,Sort by Date,Ordenar por tiempo,時間順,시간 순서 정렬,時間排序,,,,,,,,,,,,,,,,,,
名称排序,Sort by Name,Ordenar por nombre,名前順,이름 순서 정렬,名稱排序,,,,,,,,,,,,,,,,,,
回放信息,Replay Info,Info. de la repetición,リプレイログ,리플레이 정보,回放訊息,,,,,,,,,,,,,,,,,,
请输入新的回放名称,Please Enter a New Name For Replay,Ingrese un nuevo nombre para la repetición,新しいリプレイ名を入力してください,새 리플레이 이름을 입력해주세요,請輸入新的回放名稱,,,,,,,,,,,,,,,,,,
已删除回放「[?]」。,Deleted Replay「[?].,"Repetición ""[?]"" eliminada.",「[?]」を削除しました。,리플레이 「[?]」를 삭제했습니다.,已删除回放「[?]」。,,,,,,,,,,,,,,,,,,
您正在观看旧版的回放（上帝视角），不保证稳定性。,"You are Watching Outdated Replay(God View), Stability is Not Guaranteed.","Está viendo una repetición de la versión antigua (Vista de Dios), no se garantiza la estabilidad.",旧バージョンの（ゴッドモード）を再生中，安定性は保証できません。,구 버전의 리플레이를 시청하고 있습니다(하늘의 시점). 안정성이 보장되지 않습니다.,您正在觀看舊版的回放（上帝視角），不保證穩定性。,,,,,,,,,,,,,,,,,,
回放播放结束。,End of Replay.,Finalizó la reproducción de la repetición.,再生終了,리플레이 재생이 종료되었습니다.,回放播放結束。,,,,,,,,,,,,,,,,,,
YGOPro旧版的回放崩溃了！您可以选择使用永不崩溃的新版回放。,This Outdated YGOPro Replay File Has Crashed! A New Type of Replay File is Suggested To Avoid Any Crashes.,"¡La repetición de la versión antigua de YGOPro falló! Usa repeticiones de la nueva versión, que no se bloquean.",ＹＧＯＰＲＯ旧バージョンリプレイエラー発生！@nエラーをしない新バージョンを使用してください。,YGOPro 구 버전의 리플레이가 충돌했습니다! 안정적인 새로운 버전의 리플레이를 선택할 수 있습니다.,YGOPro舊版的回放崩潰了！您可以選擇使用永不崩潰的新版回放。,,,,,,,,,,,,,,,,,,
保存回放,Save Replay,Guardar repetición,リプレイ保存,리플레이 저장,保存回放,,,,,,,,,,,,,,,,,,
回放没有录制完整。,The Replay Was Not Fully Recorded.,La repetición no se guardó completamente.,リプレイは未完成状態です,리플레이가 완전히 녹화되지 않았습니다.,回放沒有錄制完整。,,,,,,,,,,,,,,,,,,
,,,,,,,,,,,,,,,,,,,,,,,
#MonsterCutin,,,,,,,,,,,,,,,,,,,,,,,
自动播放,Auto Play,Auto-Reproducir,オートプレイ,자동 재생,自動播放,,,,,,,,,,,,,,,,,,
搜索卡名,Search Cards,Buscar Carta,テキスト検索,카드 이름 검색,搜索卡名,,,,,,,,,,,,,,,,,,
,,,,,,,,,,,,,,,,,,,,,,,
#Mate,,,,,,,,,,,,,,,,,,,,,,,
搜索同伴,Search Mates,Buscar Compañero,メイト検索,메이트 검색,搜索同伴,,,,,,,,,,,,,,,,,,
长按宠物再松开后即可返回正常视角。,Long Press and Release the Mate to Return to Normal Viewing Angle.,"Mantenga presionada la mascota y suéltela para volver a la vista normal o presione la tecla ""W""(Solo PC).",メイトを長押しして放すと通常の視野に戻ります。,애완동물을 길게 누르고 놓으면 정상 시각으로 돌아갈 수 있다.,長按寵物再鬆開後即可返回正常視角。,,,,,,,,,,,,,,,,,,
,,,,,,,,,,,,,,,,,,,,,,,
#SelectDeck,,,,,,,,,,,,,,,,,,,,,,,
选择卡组,Select Deck,Elegir Deck,デッキ選択,덱 선택,選擇牌組,,,,,,,,,,,,,,,,,,
MyCard卡组,MyCard Deck,Deck MyCard,MyCard デッキ,MyCard 덱,MyCard牌組,,,,,,,,,,,,,,,,,,
创建卡组,Create Deck,Crear Deck,新規作成,덱 만들기,創建牌組,,,,,,,,,,,,,,,,,,
删除卡组,Delete Deck,Eliminar Deck,デッキ削除,덱 삭제,删除牌組,,,,,,,,,,,,,,,,,,
搜索卡组,Search Deck,Buscar Deck,デッキ検索,덱 검색,搜尋牌組,,,,,,,,,,,,,,,,,,
同步卡组,Sync Deck,Sincronizar Deck,デッキ同期,덱 동기화,同步牌組,,,,,,,,,,,,,,,,,,
请输入卡组名。@n创建卡组时会自动导入剪切板中的卡组码。,Please enter Deck Name.@nDeck Code in the Clipboard will be Automatically Imported.,Ingrese el nombre del deck. @nAl confirmar se auto-importará el deck desde el portapapeles.,デッキの名前を入力してください。@n新しいデッキを作成する時に自動的にコーピしデッキコードを導入する,덱 이름을 입력해주세요. @n덱을 만들 때 클립보드의 ydke 카드 코드가 자동으로 가져와집니다.,請輸入牌組名。@n創建牌組時會自動導入剪貼板中的牌組碼。,,,,,,,,,,,,,,,,,,
该卡组名已存在,Duplicated Deck Name,El nombre de este deck ya está en uso,同名のデッキが既に存在しています。,이미 존재하는 덱 이름입니다.,該牌組名已存在,,,,,,,,,,,,,,,,,,
该卡组名的文件已存在，是否直接覆盖创建？,"This Deck Name Already Exists, overwrite it?",Ya existe un deck con este nombre. ¿Desea sobrescribirlo directamente?,同名のデッキファイルが既に存在しています，上書きしますか？,동일한 이름의 덱이 존재합니다. 덮어쓸까요?,該牌組名的文件已存在，是否直接覆蓋創建？,,,,,,,,,,,,,,,,,,
已删除本地卡组「[?]」,Deck 「[?]」 Deleted,"El deck ""[?]"" ha sido eliminado.",「[?]」デッキは削除されました,덱 [?]」을(를) 삭제했습니다.,已刪除本地牌組「[?]」,,,,,,,,,,,,,,,,,,
云端卡组删除成功,Online Deck Deleted Successfully,El deck online se eliminó correctamente.,オンラインデッキ削除成功,클라우드 덱 삭제 성공,雲端牌組删除成功,,,,,,,,,,,,,,,,,,
删除本地卡组失败：,Failed to Delete Local Deck:,No se pudo eliminar el deck local:,オフラインデッキ削除が失敗した：,로컬 덱 삭제 실패：,删除牌組卡組失敗：,,,,,,,,,,,,,,,,,,
,,,,,,,,,,,,,,,,,,,,,,,
#Setting,,,,,,,,,,,,,,,,,,,,,,,
en-US,English,English,English,English,English,,,,,,,,,,,,,,,,,,
es-ES,Español,Español,Español,Español,Español,,,,,,,,,,,,,,,,,,
ja-JP,日本語,日本語,日本語,日本語,日本語,,,,,,,,,,,,,,,,,,
ko-KR,한국어,한국어,한국어,한국어,한국어,,,,,,,,,,,,,,,,,,
zh-CN,简体中文,简体中文,简体中文,简体中文,简体中文,,,,,,,,,,,,,,,,,,
zh-TW,繁體中文,繁體中文,繁體中文,繁體中文,繁體中文,,,,,,,,,,,,,,,,,,
系统设置,General,Ajustes del sistema,システム,시스템 설정,系統設定,,,,,,,,,,,,,,,,,,
决斗设置,Duel,Ajustes del duelo,デュエル,듀얼 설정,決鬥設定,,,,,,,,,,,,,,,,,,
观战设置,Spectate,Ajustes del expectador,観戦,관전 설정,觀戰設定,,,,,,,,,,,,,,,,,,
回放设置,Replay,Ajustes de repetición,リプレイ,리플레이 설정,回放設定,,,,,,,,,,,,,,,,,,
关于游戏,About the Game,Acerca del juego,ソフト情報,게임 정보,關於遊戲,,,,,,,,,,,,,,,,,,
,,,,,,,,,,,,,,,,,,,,,,,
#Setting System,,,,,,,,,,,,,,,,,,,,,,,
音乐音量,BGM,Volumen de la músic,ＢＧＭ,음악 볼륨,音樂音量,,,,,,,,,,,,,,,,,,
音效音量,Sound Effects,Volumen de los efectos de sonido,効果音,효과음 볼륨,音效音量,,,,,,,,,,,,,,,,,,
语音音量,Character Voice,Volumen de voz,ボイス,보이스 볼륨,語音音量,,,,,,,,,,,,,,,,,,
显示模式,View Mode,Modo de visualización,表示モード,표시 모드,顯示模式,,,,,,,,,,,,,,,,,,
独占全屏,Exclusive Fullscreen,Pantalla completa exclusiva,フルスクリーン独占化,전체 화면 모드,獨占全屛,,,,,,,,,,,,,,,,,,
独占全屏（仅Windows端有效）,Exclusive Fullscreen (Windows Only),Pantalla completa exclusiva (sólo válido para Windows),フルスクリーン独占化（画面二分割とWindowsに適用する）,전체 화면 모드(Windows전용),獨占全屛（僅Windows端有效）,,,,,,,,,,,,,,,,,,
窗口全屏,Full Screen Mode,Ventana a pantalla completa,スクリーン最大化,테두리 없는 창 모드,視窗全螢幕,,,,,,,,,,,,,,,,,,
窗口化,Window Mode,Ventana,スクリーン窓化,창 모드,視窗化,,,,,,,,,,,,,,,,,,
窗口化（仅桌面端有效）,Window Mode (PC/Laptop Only),Ventana (sólo válido para PC/Laptop),スクリーン窓化（パソコンやノートに適用する）,창 모드 (데스크탑 전용),視窗化（僅桌面端有效）,,,,,,,,,,,,,,,,,,
分辨率,Resolution,Resolución,解像度,해상도,解析度,,,,,,,,,,,,,,,,,,
设置游戏的渲染分辨率,Sets the Resolution of the Game,Establecer la resolución de pantalla del juego,ゲーム画質やレンダリング解像度,게임의 렌더링 해상도 설정,設置遊戲的渲染分辨率,,,,,,,,,,,,,,,,,,
渲染倍率,Resolution Scaling,Aumento de renderizado,レンダリング倍率,렌더링 배율,渲染倍率,,,,,,,,,,,,,,,,,,
画面质量,Graphics Quality,Calidad de imagen,画質レベル,화면 품질,畫面品質,,,,,,,,,,,,,,,,,,
非常低,Very Low,Muy baja,非常に低い,매우 낮음,非常低,,,,,,,,,,,,,,,,,,
低,Low,Baja,低い,낮음,低,,,,,,,,,,,,,,,,,,
中等,Medium,Media,中,중간,中等,,,,,,,,,,,,,,,,,,
高,High,Alta,高い,높음,高,,,,,,,,,,,,,,,,,,
非常高,Very High,Muy alta,非常高い,매우 높음,非常高,,,,,,,,,,,,,,,,,,
极致,Extreme,Máxima,最高,최고급,極致,,,,,,,,,,,,,,,,,,
前向抗锯齿,Pre-Processing Anti-Aliasing,Anti-aliasing directo,ＭＳＡＡ前処理,초기안티앨리어싱,前向抗鋸齒,,,,,,,,,,,,,,,,,,
关闭,OFF,Cerrar,オフ,끄기,關閉,,,,,,,,,,,,,,,,,,
后期抗锯齿,Post-Processing Anti-Aliasing,Anti-aliasing de post-procesamiento,ＳＭＡＡ後処理,후기안티앨리어싱,後期抗鋸齒,,,,,,,,,,,,,,,,,,
阴影质量,Shadow Quality,Calidad de sombras,シャドウ画質,그림자 품질,陰影質量,,,,,,,,,,,,,,,,,,
帧数限制,FPS Limit,Límite de FPS,ＦＰＳ制限,프레임 제한,幀數限制,,,,,,,,,,,,,,,,,,
帧数显示,FPS Display,Mostrar FPS,ＦＰＳ表示,프레임 표시,幀數顯示,,,,,,,,,,,,,,,,,,
开启或关闭屏幕右上角的帧数显示,FPS will be Displayed on the Right Top of Your Screen,Mostrar FPS en esquina superior derecha,画面右上のＦＰＳ表示をオン／オフする,화면의 오른쪽 위 모서리에 있는 프레임 수 표시를 켜거나 끕니다.,開啓或關閉屛幕右上角的幀數顯示,,,,,,,,,,,,,,,,,,
确认按钮,Confirm Button,Botón de confirmación,確認ボタン,확인 버튼,确認按鈕,,,,,,,,,,,,,,,,,,
设置确认按钮的布局,Confirm Button Layout,Configurar la ubicación del botón de confirmación,確認ボタンの位置,확인 버튼의 레이아웃 설정,設置确認按鈕的布局,,,,,,,,,,,,,,,,,,
左,Left,A la Izquierda,左,왼쪽,左,,,,,,,,,,,,,,,,,,
右,Right,A la Derecha,右,오른쪽,右,,,,,,,,,,,,,,,,,,
UI缩放,UI Scaling,Escalado de la interfaz de usuario,ＵＩズーム,UI크기 조정,UI縮放,,,,,,,,,,,,,,,,,,
背景,Background,Fondo,背景,배경,背景,,,,,,,,,,,,,,,,,,
设置游戏中的背景,Set the Background in Game,Establecer el fondo del juego.,メニュー背景絵を変更する,게임 배경 설정,設定遊戲中的背景,,,,,,,,,,,,,,,,,,
更换背景,Change Background,Cambiar fondo,背景変更,배경 변경,更換背景,,,,,,,,,,,,,,,,,,
卡图风格,Card Style,Estilo de la carta,カードスタイル,Card Style,卡圖風格,,,,,,,,,,,,,,,,,,
更改卡片风格类型,Change Card Style,Cambiar el estilo de la carta,カードスタイルを変更する,Change Card Style,更改卡片風格類型,,,,,,,,,,,,,,,,,,
卡图语言,Card Language,Idioma de las cartas,画像テキスト言語,카드 이미지 언어,卡圖語言,,,,,,,,,,,,,,,,,,
设置卡图中的语言,The Card Name will be in the Selected Language,Configurar el idioma de las cartas,画像のカード名やテキストの言語,카드 이미지 언어 설정,設定卡圖中的語言,,,,,,,,,,,,,,,,,,
语言,UI Language,Idioma de la interfaz de usuario,言語,언어,語言,,,,,,,,,,,,,,,,,,
设置游戏中的语言,Changes the Language of the UI and Card Text to the Selected Language,Configurar el idioma de la interfaz de usuario,ゲームや表示されるテキストの言語,게임 내 언어 설정,設置遊戲中的語言,,,,,,,,,,,,,,,,,,
决斗中不能更改此选项。,This Option cannot be changed During a Duel.,Esta opción no se puede cambiar durante un duelo.,デュエル中にこの設定を変更できません,듀얼 중에는 이 설정을 변경할 수 없습니다.,決斗中不能更改此選項。,,,,,,,,,,,,,,,,,,
场地背景音乐,Duel Field BGM,Música de fondo del escenario,フィールドＢＧＭ,필드 배경음악,場地背景音樂,,,,,,,,,,,,,,,,,,
场地背景音乐由哪方决定,Duel Field BGM Decided By,¿Quién decide la música de fondo del escenario?,フィールドＢＧＭを決めるプレイヤー,장소 배경음악은 어느 쪽이 정할까요,場地背景音樂由哪方決定,,,,,,,,,,,,,,,,,,
,,,,,,,,,,,,,,,,,,,,,,,
#Setting Duel,,,,,,,,,,,,,,,,,,,,,,,
外观,Profile,Apariencia,プロフィール,외관,外觀,,,,,,,,,,,,,,,,,,
决斗中的各种外观,Profile and Accessories in Duel,Perfil y accesorios en el duelo,デュエルのプレイヤー名、テーマやアクセサリー等々の編集,듀얼에서의 다양한 외관,決斗中的各種外觀,,,,,,,,,,,,,,,,,,
观战中的各种外观,Profile and Accessories in Spectate,Perfil y accesorios en modo expectador,観戦のプレイヤー名、テーマやアクセサリー等々の編集,관전에서의 다양한 외관,觀戰中的各種外觀,,,,,,,,,,,,,,,,,,
回放中的各种外观,Profile and Accessories in Replay,Perfil y accesorios en la repetición,リプレイのプレイヤー名、テーマやアクセサリー等々の編集,리플레이에서의 다양한 외관,回放中的各種外觀,,,,,,,,,,,,,,,,,,
角色,Character,Personaje,キャラクター,캐릭터,角色,,,,,,,,,,,,,,,,,,
决斗中语音功能的角色,Character in Duel,Personaje en el duelo,デュエルのキャラクターボイス,듀얼에서 보이스 기능을 가진 캐릭터,決斗中語音功能的角色,,,,,,,,,,,,,,,,,,
观战中语音功能的角色,Character in Spectate,Perasonaje en modo expectador,観戦のキャラクターボイス,관전에서 보이스 기능을 가진 캐릭터,觀戰中語音功能的角色,,,,,,,,,,,,,,,,,,
回放中语音功能的角色,Character in Replay,Personaje en la repetición,リプレイのキャラクターボイス,리플레이에서 보이스 기능을 가진 캐릭터,回放中語音功能的角色,,,,,,,,,,,,,,,,,,
语音功能,Character Voice Function,Función de voz,ボイス,보이스 기능,語音功能,,,,,,,,,,,,,,,,,,
决斗中的动漫角色语音功能,Character Voice Function in Duel,Función de voz de personajes en el duelo,デュエル中のキャラクターボイス機能,듀얼에서의 애니메이션 캐릭터 보이스 기능,決斗中的動漫角色語音功能,,,,,,,,,,,,,,,,,,
观战中的动漫角色语音功能,Character Voice Function in Spectate,Función de voz de personajes en modo expectador,観戦中のキャラクターボイス機能,관전에서의 애니메이션 캐릭터 보이스 기능,觀戰中的動漫角色語音功能,,,,,,,,,,,,,,,,,,
回放中的动漫角色语音功能,Character Voice Function in Replay,Función de voz de personajes en la repetición,リプレイ中のキャラクターボイス機能,리플레이에서의 애니메이션 캐릭터 보이스 기능,回放中的動漫角色語音功能,,,,,,,,,,,,,,,,,,
怪兽立绘,Hologram,Imagen de monstruo,立ち絵,일러스트,怪獸立繪,,,,,,,,,,,,,,,,,,
决斗中的怪兽卡上方展示立绘,Display Hologram above Monster in Duel,Mostrar imagen del monstruo encima de la carta en el duelo,デュエル中にモンスターカードの上に立ち絵を表示する,듀얼에서 몬스터 카드 위에 일러스트를 보여줍니다,決斗中的怪獸卡上方展示立繪,,,,,,,,,,,,,,,,,,
观战中的怪兽卡上方展示立绘,Display Hologram above Monster in Spectate,Mostrar imagen del monstruo encima de la carta en modo expectador,観戦中にモンスターカードの上に立ち絵を表示する,관전에서 몬스터 카드 위에 일러스트를 보여줍니다,觀戰中的怪獸卡上方展示立繪,,,,,,,,,,,,,,,,,,
回放中的怪兽卡上方展示立绘,Display Hologram above Monster in Replay,Mostrar imagen del monstruo encima de la carta en la repetición,リプレイ中にモンスターカードの上に立ち絵を表示する,리플레이에서 몬스터 카드 위에 일러스트를 보여줍니다,回放中的怪獸卡上方展示立繪,,,,,,,,,,,,,,,,,,
召唤特效,Summon Animation,Efectos de invocación,特殊召喚時の演出,소환 효과,召喚特效,,,,,,,,,,,,,,,,,,
决斗中的融合、同调等召唤特效,Fusion/Ritual..etc Summon Animation in Duel,"Fusión, sincronización y otros efectos especiales de invocación en el duelo",デュエル中の儀式、融合、シンクロ、ＸＹＺ、リンク召喚行う際に演出を出します,"듀얼에서의 융합, 싱크로 등 소환 효과",決斗中的融合、同調等召喚特效,,,,,,,,,,,,,,,,,,
观战中的融合、同调等召唤特效,Fusion/Ritual..etc Summon Animation in Spectate,"Fusión, sincronización y otros efectos especiales de invocación en modo expectador",観戦中の儀式、融合、シンクロ、ＸＹＺ、リンク召喚行う際に演出を出します,"관전에서의 융합, 싱크로 등 소환 효과",觀戰中的融合、同調等召喚特效,,,,,,,,,,,,,,,,,,
回放中的融合、同调等召唤特效,Fusion/Ritual..etc Summon Animation in Replay,"Fusión, sincronización y otros efectos especiales de invocación en la repetición",リプレイ中の儀式、融合、シンクロ、ＸＹＺ、リンク召喚行う際に演出を出します,"리플레이에서의 융합, 싱크로 등 소환 효과",回放中的融合、同調等召喚特效,,,,,,,,,,,,,,,,,,
灵摆特效,Pendulum Animation,Efectos del péndulo,Ｐ召喚時の演出,펜듈럼 효과,靈擺特效,,,,,,,,,,,,,,,,,,
决斗中的灵摆召唤特效,Pendulum Summon Animation in Duel,Efectos especiales al invocar por péndulo en el duelo,デュエル中のペンデュラム召喚時の演出,듀얼에서의 펜듈럼 소환 효과,決斗中的靈擺召喚特效,,,,,,,,,,,,,,,,,,
观战中的灵摆召唤特效,Pendulum Summon Animation in Spectate,Efectos especiales al invocar por péndulo en modo expectador,観戦中のペンデュラム召喚時の演出,관전에서의 펜듈럼 소환 효과,觀戰中的靈擺召喚特效,,,,,,,,,,,,,,,,,,
回放中的灵摆召唤特效,Pendulum Summon Animation in Replay,Efectos especiales al invocar por péndulo en la repetición,リプレイ中のペンデュラム召喚時の演出,리플레이에서의 펜듈럼 소환 효과,回放中的靈擺召喚特效,,,,,,,,,,,,,,,,,,
召唤动画,Summon Cut-in,Animación de invocación,召唤時の演出,소환 애니메이션,召喚動畫,,,,,,,,,,,,,,,,,,
决斗中怪兽的登场切入动画,Display Monster Summon Cut-in in Duel,Animación al invocar un monstruo en el duelo,デュエル中のモンスターの召唤カットイン演出,듀얼에서 몬스터의 등장 컷인 애니메이션,決斗中怪獸的登場切入動畫,,,,,,,,,,,,,,,,,,
观战中怪兽的登场切入动画,Display Monster Summon Cut-in in Spectation,Animación al invocar un monstruo en modo expectador,観戦中のモンスターの召唤カットイン演出,관전에서 몬스터의 등장 컷인 애니메이션,觀戰中怪獸的登場切入動畫,,,,,,,,,,,,,,,,,,
回放中怪兽的登场切入动画,Display Monster Summon Cut-in in Replay,Animación al invocar un monstruo en la repetición,リプレイ中のモンスターの召唤カットイン演出,리플레이에서 몬스터의 등장 컷인 애니메이션,回放中怪獸的登場切入動畫,,,,,,,,,,,,,,,,,,
效果动画,Special Card Animation Effects,Animación de efectos,カードの効果演出,효과 애니메이션,效果動畫,,,,,,,,,,,,,,,,,,
决斗中卡片效果处理时的动画,Special Card Animation Effects in Duel,Animación al procesar los efectos de cartas en el duelo,デュエル中の特定なカードの効果演出,듀얼에서 카드 효과 처리 시의 애니메이션,決斗中卡片效果處理時的動畫,,,,,,,,,,,,,,,,,,
观战中卡片效果处理时的动画,Special Card Animation Effects in Spectate,Animación al procesar los efectos de cartas en modo expectador,観戦中の特定なカードの効果演出,관전에서 카드 효과 처리 시의 애니메이션,觀戰中卡片效果處理時的動畫,,,,,,,,,,,,,,,,,,
回放中卡片效果处理时的动画,Special Card Animation Effects in Replay,Animación al procesar los efectos de cartas en la repetición,リプレイの特定なカードの効果演出,리플레이에서 카드 효과 처리 시의 애니메이션,回放中卡片效果處理時的動畫,,,,,,,,,,,,,,,,,,
连锁动画,Chain Effect Animation,Animación de cadena,チェーン動画,체인 애니메이션,連鎖動畫,,,,,,,,,,,,,,,,,,
决斗中效果连锁时的动画,Chain Effect Animation in Duel,Animación de cadena en el duelo,デュエル中のチェーン処理エフェクト,듀얼중 효과 체인 시의 애니메이션,決斗中效果連鎖處理時的動畫,,,,,,,,,,,,,,,,,,
观战中效果连锁时的动画,Chain Effect Animation in Spectate,Animación de cadena en modo expectador,観戦中のチェーン処理エフェクト,관전 중 효과 체인 시의 애니메이션,觀戰中效果連鎖處理時的動畫,,,,,,,,,,,,,,,,,,
回放中效果连锁时的动画,Chain Effect Animation in Replay,Animación de cadena en la repetición,リプレイのチェーン処理エフェクト,리플레이 중 효과 체인 시의 애니메이션,回放中效果連鎖處理時的動畫,,,,,,,,,,,,,,,,,,
骰子动画,Dice Animation,Animación de dado,ダイス動画,주사위 애니메이션,骰子動畫,,,,,,,,,,,,,,,,,,
决斗中的掷骰子动画,Dice Animation in Duel,Animación al lanzar dado en el duelo,デュエル中のダイスを振るエフェクト,듀얼에서의 가위바위보애니메이션,決斗中的擲骰子動畫,,,,,,,,,,,,,,,,,,
观战中的掷骰子动画,Dice Animation in Spectate,Animación al lanzar dado en modo expectador,観戦中のダイスを振るエフェクト,관전에서의가위바위보애니메이션,觀戰中的擲骰子動畫,,,,,,,,,,,,,,,,,,
回放中的掷骰子动画,Dice Animation in Replay,Animación al lanzar dado en la repetición,リプレイ中のダイスを振るエフェクト,리플레이에서의가위바위보애니메이션,回放中的擲骰子動畫,,,,,,,,,,,,,,,,,,
硬币动画,Coin Flip Animation,Animación de moneda,コイントス動画,동전 애니메이션,硬幣動畫,,,,,,,,,,,,,,,,,,
决斗中的抛硬币动画,Coin Flip Animation in Duel,Animación al lanzar moneda en el duelo,デュエル中のコイントスを投げるエフェクト,듀얼에서의 동전 던지기 애니메이션,決斗中的拋硬幣動畫,,,,,,,,,,,,,,,,,,
观战中的抛硬币动画,Coin Flip Animation in Spectate,Animación al lanzar moneda en modo expectador,観戦中のコイントスを投げるエフェクト,관전에서의 동전 던지기 애니메이션,觀戰中的拋硬幣動畫,,,,,,,,,,,,,,,,,,
回放中的抛硬币动画,Coin Flip Animation in Replay,Animación al lanzar moneda en la repetición,リプレイのコイントスを投げるエフェクト,리플레이에서의 동전 던지기 애니메이션,回放中的拋硬幣動畫,,,,,,,,,,,,,,,,,,
卡片信息,Card Info,Info de cartas,カード情報,카드 정보,卡片信息,,,,,,,,,,,,,,,,,,
决斗中的卡片登场与发动效果时自动展示卡片效果栏,Display Card Descriptions when Made Public in Duel,Mostrar barra de efectos al activar o invocar una carta en el duelo,デュエル中カードを公開した時のみカードの説明を出します,듀얼에서 카드 등장 및 효과 발동 시 카드 효과 창을 자동으로 보여줍니다,決斗中的卡片登場與發動效果時自動展示卡片效果欄,,,,,,,,,,,,,,,,,,
观战中的卡片登场与发动效果时自动展示卡片效果栏,Display Card Descriptions when Made Public in Spectate,Mostrar barra de efectos al activar o invocar una carta en modo expectador,観戦中カードを公開した時のみカードの説明を出します,관전에서 카드 등장 및 효과 발동 시 카드 효과 창을 자동으로 보여줍니다,觀戰中的卡片登場與發動效果時自動展示卡片效果欄,,,,,,,,,,,,,,,,,,
回放中的卡片登场与发动效果时自动展示卡片效果栏,Display Card Descriptions when  Made Public in Replay,Mostrar barra de efectos al activar o invocar una carta en la repetición,リプレイ中カードを公開した時のみカードの説明を出します,리플레이에서 카드 등장 및 효과 발동 시 카드 효과 창을 자동으로 보여줍니다,回放中的卡片登場與發動效果時自動展示卡片效果欄,,,,,,,,,,,,,,,,,,
玩家消息,Player Message,Mensajes del jugador,チャット情報,플레이어 메시지,玩家消息,,,,,,,,,,,,,,,,,,
决斗中的玩家消息,Player Message in Duel,Mensajes de los jugadores durante el duelo,デュエル中のチャット表示,듀얼 중 플레이어 메시지,決鬥中的玩家消息,,,,,,,,,,,,,,,,,,
观战中的玩家消息,Player Message in Spectate,Mensajes de los jugadores en modo expectador,観戦中のチャット表示,관전 중 플레이어 메시지,觀戰中的玩家消息,,,,,,,,,,,,,,,,,,
回放中的玩家消息,Player Message in Replay,Mensajes de los jugadores en la repetición,リプレイのチャット表示,리플레이 중 플레이어 메시지,回放中的玩家消息,,,,,,,,,,,,,,,,,,
系统消息,System Message,Mensajes del sistema,システム情報,시스템 메시지,系統消息,,,,,,,,,,,,,,,,,,
决斗中的系统消息,System Message in Duel,Mensajes del sistema durante el duelo,デュエル中のシステム情報,듀얼 중 시스템 메시지,決鬥中的系統消息,,,,,,,,,,,,,,,,,,
观战中的系统消息,System Message in Spectate,Mensajes del sistema como en modo expectador durante el duelo,観戦中のシステム情報,관전 중 시스템 메시지,觀戰中的系統消息,,,,,,,,,,,,,,,,,,
回放中的系统消息,System Message in Replay,Mensajes del sistema durante la repetición de un duelo,リプレイのシステム情報,리플레이 중 시스템 메시지,回放中的系統消息,,,,,,,,,,,,,,,,,,
加速倍率,Speed Up Rate,Tasa de aceleración,加速倍率,가속 배율,加速倍率,,,,,,,,,,,,,,,,,,
自动加速,Auto Speed Up,Aceleración automática,自動加速,자동 가속,自動加速,,,,,,,,,,,,,,,,,,
决斗开始时自动进入加速状态,Auto Speed Up in Duel,Entra automáticamente en modo acelerado al iniciar el duelo,デュエル開始時に加速状態になる,듀얼 시작 시 자동으로 가속 상태로 전환,決鬥開始時自動進入加速狀態,,,,,,,,,,,,,,,,,,
观战开始时自动进入加速状态,Auto Speed up in Spectate,Entra automáticamente en modo dacelerado al observar un duelo,観戦開始時に加速状態になる,관전 시작 시 자동으로 가속 상태로 전환,觀戰開始時自動進入加速狀態,,,,,,,,,,,,,,,,,,
回放开始时自动进入加速状态,Auto Speed Up in Replay,Entra automáticamente en modo acelerado al iniciar la repetición,リプレイ開始時に加速状態になる,리플레이 시작 시 자동으로 가속 상태로 전환,回放開始時自動進入加速狀態,,,,,,,,,,,,,,,,,,
显示盖卡,Show Face-Down Card,Mostrar cartas boca abajo,セットカードの透過表示,세트 카드 표시,顯示蓋卡,,,,,,,,,,,,,,,,,,
决斗中显示已知盖卡,Show Known Face-Down Card in Duel,Mostrar cartas boca abajo conocidas en el duelo,デュエル中に公開情報のセットカードを透過で表示する,듀얼 중 알려진 세트 카드 표시,決鬥中顯示已知蓋卡,,,,,,,,,,,,,,,,,,
观战中显示已知盖卡,Show Known Face-Down Card in Spectate,Mostrar cartas boca abajo conocidas mientras se observa el duelo,観戦中に公開情報のセットカードを透過で表示する,관전 중 알려진 세트 카드 표시,觀戰中顯示已知蓋卡,,,,,,,,,,,,,,,,,,
回放中显示已知盖卡,Show Known Face-Down Card in Replay,Mostrar cartas boca abajo conocidas durante la repetición,リプレイ中に公開情報のセットカードを透過で表示する,리플레이 중 알려진 세트 카드 표시,回放中顯示已知蓋卡,,,,,,,,,,,,,,,,,,
自动全时点,Auto Activation Confirmation,Tiempo completo automático,常に発動を確認する,자동 체인 타이밍,自動全時點,,,,,,,,,,,,,,,,,,
决斗开始时的时点选项设置为全时点,Set Activation Confirmation at the Beginning of the Duel,La opción de tiempo para comenzar un duelo está configurada a tiempo completo,デュエル開始後、常に発動を確認する,듀얼 시작 시 체인 옵션을 전체 체인으로 설정,決斗開始時的時點選項設置為全時點,,,,,,,,,,,,,,,,,,
自动猜拳,Auto Rock-Paper-Scissors,"Auto-elegir piedra, papel o tijeras",自動じゃんけん,자동 주사위 게임,自動猜拳,,,,,,,,,,,,,,,,,,
决斗开始时自动随机猜拳,Auto Rock-Paper-Scissors at the Beginning of the Duel,"Al comienzo del duelo, auto-elige aleatoriamente piedra, papel o tijeras",デュエル開始時、自動的にじゃんけんを行う,듀얼 시작 시 자동으로 무작위 주사위 게임,決斗開始時自動隨機猜拳,,,,,,,,,,,,,,,,,,
,,,,,,,,,,,,,,,,,,,,,,,
#Setting Import/Export,,,,,,,,,,,,,,,,,,,,,,,
导入导出,Import/Export,Importar | Exportar,導入・輸出,입출력,導入匯出,,,,,,,,,,,,,,,,,,
导入,Import,Importar,導入,가져오기,導入,,,,,,,,,,,,,,,,,,
导入卡组文件(ydk)、回放文件(yrp|yrp3d)、扩展卡文件(ypk)、自定义卡图(jpg|png)等,"Import Deck File (ydk), Replay File (yrp|yrp3d), Expansion File (ypk), Custom Card image (jpg|png), etc","Importar deck (ydk), reproducción (yrp|yrp3d), expansión (ypk), imagen de cartas personalizadas (jpg|png)",デッキ（ydk）、リプレイ（yrp|yrp3d）、拡張ファイル（ypk）、非公式画像（jpg|png）等の導入,"덱 파일(ydk), 리플레이 파일(yrp|yrp3d), 확장 카드 파일(ypk), 사용자 지정 카드 이미지(jpg|png) 등을 가져오기",,,,,,,,,,,,,,,,,,,
请选择需要导入的文件,Please Select the File that you want to Import,Seleccione el archivo que desea importar,導入するファイルを選択してください,가져올 파일을 선택해주세요,導入卡組檔案(ydk)、回放檔案(yrp|yrp3d)、擴展卡檔案(ypk)、自定義卡圖(jpg|png)等,,,,,,,,,,,,,,,,,,
所有文件,All Files,Todos los archivos,全てのファイル,모든 파일,所有檔案,,,,,,,,,,,,,,,,,,
卡组码文件,Deck File,Archivo de deck,デッキコードファイル,덱 코드 파일,牌組碼檔案,,,,,,,,,,,,,,,,,,
回放文件,Replay File,Archivo de reproducción,リプレイファイル,리플레이 파일,回放檔案,,,,,,,,,,,,,,,,,,
扩展卡文件,Expansion File,Archivo de expansión,拡張ファイル,확장 카드 파일,擴展卡檔案,,,,,,,,,,,,,,,,,,
数据库文件,Database File,Archivo de base de datos,データベース,데이터베이스 파일,資料庫檔案,,,,,,,,,,,,,,,,,,
字段文件,String File,Archivo de configuración,テキストファイル,필드 파일,字段檔案,,,,,,,,,,,,,,,,,,
图片文件,Image File,Archivo de imagen,画像ファイル,이미지 파일,圖片檔案,,,,,,,,,,,,,,,,,,
请选择导出目录,Please Select the Export Directory,"Por favor, seleccione el directorio de exportación",輸出フォルダを選択してください,내보낼 디렉토리를 선택해주세요,請選擇匯出目錄,,,,,,,,,,,,,,,,,,
导入背景图,Import DIY BG Image,Importar imagen de fondo,背景絵を導入,배경 그림 가져오기,導入背景圖,,,,,,,,,,,,,,,,,,
导入图片作为背景图(jpg|png),Import Image as DIY Background Image (jpg|png),Importar imágenes para establecer como fondo(jpg|png),導入した絵を背景に設定する（jpg|png）,배경 그림으로 그림 가져오기 (jpg/png),導入圖片作為背景圖(jpg|png),,,,,,,,,,,,,,,,,,
导出卡组,Export Decks,Exportar deck,デッキ輸出,덱 내보내기,匯出牌組,,,,,,,,,,,,,,,,,,
导出所有卡组文件到指定目录,Export Deck Files to the Specified Directory,Exportar todos los archivos de deck al directorio especificado,全てのデッキを指定フォルダに輸出する,모든 덱 파일을 지정한 디렉토리로 내보내기,匯出所有牌組檔案到指定目錄,,,,,,,,,,,,,,,,,,
导出回放,Export Replays,Exportar reproducción,リプレイ輸出,리플레이 내보내기,匯出回放,,,,,,,,,,,,,,,,,,
导出所有回放文件到指定目录,Export Replay Files to the Specified Directory,Exportar todos los archivos de reproducción al directorio especificado,全てのリプレイを指定フォルダに輸出する,모든 리플레이 파일을 지정한 디렉토리로 내보내기,匯出所有回放檔案到指定目錄,,,,,,,,,,,,,,,,,,
导出卡图,Export Card Images,Exportar imágenes de cartas,画像輸出,카드 이미지 내보내기,匯出卡圖,,,,,,,,,,,,,,,,,,
导出所有已保存的卡图到指定目录,Export Saved Card Image Files to the Specified Directory,Exportar todas las imágenes de cartas guardadas al directorio especificado,全ての画像を指定フォルダに輸出する,저장된 모든 카드 이미지를 지정한 디렉토리로 내보내기,匯出所有已保存的卡圖到指定目錄,,,,,,,,,,,,,,,,,,
导出成功。,Export Successfully.,Exportación exitosa.,ファイル輸出は成功しました。,내보내기 성공.,匯出成功。,,,,,,,,,,,,,,,,,,
导出失败。,Export Failed.,Exportación fallida.,ファイル輸出は中止または失敗しました。,내보내기 실패.,匯出失敗。,,,,,,,,,,,,,,,,,,
清空卡图,Clear Card Arts,Limpiar imágenes de cartas,画像を削除,카드 이미지 비우기,清空卡圖,,,,,,,,,,,,,,,,,,
删除所有已导入的自定义卡图,Clear all Imported  DIY Card Arts.,Eliminar todas las imágenes de cartas personalizadas importadas,導入した非公式画像を全て削除する,가져온 모든 사용자 지정 카드 이미지 삭제,删除所有已導入的自定義卡圖,,,,,,,,,,,,,,,,,,
确定清空,Confirm Clear,Confirmar eliminación,削除の確認をしてください,비우기 확인,確定清空,,,,,,,,,,,,,,,,,,
是否确认删除所有导入的卡图？,Are you Sure to Delete all Imported Card Arts?,¿Confirmar la eliminación de todas las imágenes de cartas importadas?,導入した画像を全て削除しますか？,가져온 모든 카드 이미지를 삭제하시겠습니까?,是否確認删除所有導入的卡圖？,,,,,,,,,,,,,,,,,,
决斗中不能进行此操作。,This Operation Cannot be Performed in Duel.,No se puede realizar esta operación durante un duelo.,デュエル中にこの操作は実行できません。,듀얼 중에는 이 작업을 수행할 수 없습니다.,決鬥中不能進行此操作。,,,,,,,,,,,,,,,,,,
导入卡组「[?]」成功。,Successfully Imported Deck [?].,"Importación de deck ""[?]"" realizada con éxito.",「[?]」デッキは導入は成功しました。,덱 「[?]」 가져오기 성공.,導入牌組「[?]」成功。,,,,,,,,,,,,,,,,,,
导入回放「[?]」成功。,Successfully Imported Replay [?].,"Importación de reproducción ""[?]"" realizada con éxito.",「[?]」リプレイは導入は成功しました。,리플레이 「[?]」 가져오기 성공.,導入回放「[?]」成功。,,,,,,,,,,,,,,,,,,
导入扩展卡文件「[?]」成功。,Successfully Imported the Expansion File [?].,"Importación de archivo de cartas pre-lanzadas ""[?]"" realizada con éxito.",「[?]」拡張ファイルは導入は成功しました。,확장 카드 파일 「[?]」 가져오기 성공.,導入擴展卡檔案「[?]」成功。,,,,,,,,,,,,,,,,,,
导入卡片数据库「[?]」成功。,Successfully Imported Database File [?].,"Importación de base de datos de cartas ""[?]"" realizada con éxito.",「[?]」データベースは導入は成功しました。,카드 데이터베이스 「[?]」 가져오기 성공.,導入卡片資料庫「[?]」成功。,,,,,,,,,,,,,,,,,,
导入字段文件「[?]」成功。,Successfully Imported String File [?].,"Importación de archivo de Strings ""[?]"" realizada con éxito.",「[?]」テキストファイルは導入は成功しました。,필드 파일 「[?]」 가져오기 성공.,導入字段檔案「[?]」成功。,,,,,,,,,,,,,,,,,,
导入自定义卡图「[?]」成功。,Successfully Imported Custom Card Art [?].,"Importación de imagen de carta personalizada ""[?]"" realizada con éxito.",「[?]」非公式画像は導入は成功しました。,사용자 지정 카드 이미지 「[?]」 가져오기 성공.,導入自定義卡圖「[?]」成功。,,,,,,,,,,,,,,,,,,
导入背景图成功。,Successfully Imported Background Image.,La imagen de fondo se importó correctamente.,背景絵の導入が成功しました。,배경 그림을 성공적으로 가져왔습니다.,導入背景圖成功。,,,,,,,,,,,,,,,,,,
,,,,,,,,,,,,,,,,,,,,,,,
#Setting Expansions,,,,,,,,,,,,,,,,,,,,,,,
扩展卡包,Expansions,Usar expansiones,拡張パック,카드 확장팩,擴展卡包,,,,,,,,,,,,,,,,,,
启用扩展卡,Enable Expansions,Habilitar expansiones (cartas pre-lanzadas),拡張パックを有効にする,카드 확장팩 활성화,啟用擴展卡,,,,,,,,,,,,,,,,,,
是否启用扩展卡支持,Enable Support for Expansion Packs,¿Habilitar compatibilidad con los paquetes de expansiones?,拡張パックの使用を有効にしますか？,카드 확장팩을 활성화하시겠습니까?,是否啟用擴展卡支持,,,,,,,,,,,,,,,,,,
清空扩展卡,Clear Expansions,Eliminar expansiones (cartas pre-lanzadas),拡張カードを削除,확장팩 카드 비우기,清空擴展卡,,,,,,,,,,,,,,,,,,
删除所有已导入的扩展卡包,Delete all the Expansion Files,Eliminar todos los paquetes de expansiones importados,導入した拡張パックを全て削除する,가져온 모든 카드 확장팩 삭제,删除所有已導入的擴展卡包,,,,,,,,,,,,,,,,,,
是否确认删除所有导入的扩展卡包？,Are you Sure to Delete all Imported Expansion Files?,¿Confirmar la eliminación de todos los paquetes de expansiones importados?,導入した拡張パックを全て削除しますか？,가져온 모든 카드 확장팩을 삭제하시겠습니까?,是否確認删除所有導入的擴展卡包？,,,,,,,,,,,,,,,,,,
更新先行卡,Update SuperPre Cards,Actualizar expansiones (cartas pre-lanzadas),非公式・新規カードを更新する,프리릴리즈 카드 업데이트,更新先行卡,,,,,,,,,,,,,,,,,,
下载并更新MC超先行服先行卡,Download and Update MyCard SuperPre Cards,Descargar y actualizar los paquetes de expansiones desde MyCard SuperPre Cards,Mycard 非公式・新規カードをダウンロードし更新をする,프리릴리즈 서버의 프리릴리즈 카드를 다운로드하고 업데이트,下載並更新MC超先行服先行卡,,,,,,,,,,,,,,,,,,
先行卡已是最新版。,The SuperPre is Already the Latest Version.,La versión del paquete de expansiones que posees es la más reciente,非公式・新規カードは最新バージョンです。,프리릴리즈 카드가 최신 버전입니다.,先行卡已是最新版。,,,,,,,,,,,,,,,,,,
检查更新中,Checking Update,Comprobando actualizaciones...,更新データを確認中,업데이트 확인 중,檢查更新中,,,,,,,,,,,,,,,,,,
先行卡更新成功。,SuperPre cards Have Been Successfully Updated.,La actualización del paquete de expansiones se ha completado con éxito.,更新は成功しました。,프리릴리즈 카드 업데이트 성공.,先行卡更新成功。,,,,,,,,,,,,,,,,,,
先行卡更新失败。,SuperPre Cards Update Failed.,La actualización del paquete de expansiones ha fallado.,更新は失敗しました。,프리릴리즈 카드 업데이트 실패.,先行卡更新失敗。,,,,,,,,,,,,,,,,,,
正在更新，请耐心等待更待更新完成再进行其他操作。,Update in Progress. Please wait patiently for the Update to Complete Before Taking any further Actions.,"Actualizando, antes de realizar otras operaciones espera pacientemente hasta que la actualización finalice.",更新中です、操作せずにしばらくお待ちください。,업데이트 중입니다. 업데이트가 완료될 때까지 기다려 주시기 바랍니다.,正在更新，請耐心等待更待更新完成再進行其他操作。,,,,,,,,,,,,,,,,,,
检测到新版先行卡，请至 [游戏设置]-[先行卡包]-[更新先行卡] 处进行更新。,A New Version of SuperPre cards is Available. Please Navigate to [Settings] > [Expansions] > [Update SuperPre cards] to Install the Update.,Nuevo paquete de expansiones detectado. Ir a [Ajustes]-[Usar expansiones]-[Actualizar expansiones].,非公式・新規カードの更新を見つかりました、 【ゲーム設定】ー【拡張パック】ー【非公式・新規カードを更新する】 で更新してください。,새로운 버전의 프리릴리즈 카드를 감지했습니다. [게임 설정]-[프리릴리즈 카드 팩]-[프리릴리즈 카드 업데이트]에서 업데이트하십시오.,檢測到新版先行卡，請至[遊戲設定]-[先行卡包]-[更新先行卡]處進行更新。,,,,,,,,,,,,,,,,,,
,,,,,,,,,,,,,,,,,,,,,,,
#Setting Infomation,,,,,,,,,,,,,,,,,,,,,,,
本游戏的相关说明,Description about the game,Información relevante sobre este juego,ソフトに関する情報,이 게임에 대한 관련 설명,本遊戲的相關説明,,,,,,,,,,,,,,,,,,
关于版本号,About Version,Acerca del número de versión,バージョン,버전 번호에 대해,關於版本號,,,,,,,,,,,,,,,,,,
安装游戏时关于版本号的说明,Detailed Guide about [Versions] when Installing,Instrucciones sobre el número de versión al instalar el juego,バージョン番号の説明,게임 설치 시 버전 번호에 대한 설명,安裝遊戲時關於版本號的説明,,,,,,,,,,,,,,,,,,
关于更新,About Update,Acerca de las actualizaciones,アップデート,업데이트에 대해,關於更新,,,,,,,,,,,,,,,,,,
更新文件的下载地址与注意事项,Downloads and Updates,Dirección de descarga de archivos de actualización y notas importantes,アップデートのダウンロードアドレスと注意事項,업데이트 파일의 다운로드 주소 및 주의사항,更新文件的下載地址與注意事項,,,,,,,,,,,,,,,,,,
更新内容,Patch Notes,Historial de actualizaciones,アップデート内容,업데이트 내용,更新內容,,,,,,,,,,,,,,,,,,
查看更新内容,Read About Patch Notes,Ver el historial de las actualizaciones,アップデート内容をチェック,업데이트 내용 보기,查看更新內容,,,,,,,,,,,,,,,,,,
,,,,,,,,,,,,,,,,,,,,,,,
#Room,,,,,,,,,,,,,,,,,,,,,,,
房间,Room,Sala,ルーム,방,房間,,,,,,,,,,,,,,,,,,
猜拳,Rock-Paper-Scissors,"Juego de manos: Piedra, papel o tijeras",じゃんけん,가위바위보,猜拳,,,,,,,,,,,,,,,,,,
猜拳获胜,Win the Rock-Paper-Scissors,"Haz ganado en el Piedra, papel o tijeras",じゃんけん勝利しました,가위바위보승리,猜拳獲勝,,,,,,,,,,,,,,,,,,
选择先后手,Select to Go First or Second,Seleccionar ir primero o segundo,先攻か後攻を選択する,선후공선택,選擇先後手,,,,,,,,,,,,,,,,,,
选择是否由我方先手？,Please Select to go First or Second?,¿Seleccionar si ir primero o no?,先攻か後攻を選択してください,선공 하시겠습니까？,選擇是否由我方先手？,,,,,,,,,,,,,,,,,,
先攻,Going First,Ir Primero,先攻,선공,先攻,,,,,,,,,,,,,,,,,,
后攻,Going Second,Ir Segundo,後攻,후공,後攻,,,,,,,,,,,,,,,,,,
猜拳平局。,It's a Draw.,"Hay empate en el Piedra, papel o tijeras.",あいこ,가위바위보무승부.,猜拳平局。,,,,,,,,,,,,,,,,,,
猜拳落败。,You have Lost.,"Haz perdido en el Piedra, papel o tijeras.",じゃんけん負けました,가위바위보 패배.,猜拳落敗。,,,,,,,,,,,,,,,,,,
本机地址：,Local Address:,Dirección IP: ,ＩＰ：,자신의 주소：,本機位址：,,,,,,,,,,,,,,,,,,
→决斗者,→Duelist,→Duelista,→決闘する,→듀얼리스트,→決鬥者,,,,,,,,,,,,,,,,,,
→观战,→Spectate,→Espectador,→観戦する,→관전,→觀戰,,,,,,,,,,,,,,,,,,
观战者,Spetcator,Espectador,観戦者,관전자,觀戰者,,,,,,,,,,,,,,,,,,
准备,Ready,Listo,準備完了,준비,準備,,,,,,,,,,,,,,,,,,
开始,Start,Comenzar,ゲーム開始,시작,開始,,,,,,,,,,,,,,,,,,
聊天,Chat,Chat,チャット,채팅,聊天,,,,,,,,,,,,,,,,,,
发送,Send,Enviar,送信,내보내기,發送,,,,,,,,,,,,,,,,,,
连接被断开。,You are Disconnected.,Conexión perdida.,通信は切断されました。,연결이 끊어졌습니다.,連接被斷開。,,,,,,,,,,,,,,,,,,
请点击此处选择卡组,Select Your Deck,Haz clic aquí para seleccionar tu Deck.,デッキを選択してください。,여기를 클릭하여 덱을 선택하세요,請點擊此處選擇牌組,,,,,,,,,,,,,,,,,,
请先选择有效的卡组。,Please Select a Valid Deck,Selecciona un deck válido.,使用できるデッキを選択してください。,올바른덱을선택하세요.,請先選擇有效的牌組。,,,,,,,,,,,,,,,,,,
请先取消准备，再选择卡组。,Please Change Your Deck After Cancelling Prepartion.,"Haz clic en ""Listo"" para que puedas cambiar de Deck.",準備完了を取り消してデッキを再選択してください,준비를 취소한 후에 덱을 선택하세요.,請先取消準備，再選擇牌組。,,,,,,,,,,,,,,,,,,
对方已离开游戏，您现在可以离开。,"Your Opponent Left the Game, You can Leave Now.",Tu oponente ha abandonado el duelo. Ahora puedes salir.,相手はゲームを終了しました，ゲームを離脱できます。,"상대방이 게임을 떠났습니다, 이제 듀얼을 종료 하실수 있습니다.",對方已離開遊戲，您現在可以離開。,,,,,,,,,,,,,,,,,,
添加AI,Add A Bot,Añadir IA,ＡＩを参戦させる,AI 추가,添加AI,,,,,,,,,,,,,,,,,,
房间已满，无法继续添加AI。,"Room is Full, cannot Add more Bots.",La sala está llena y no se pueden agregar más IAs.,デュエリスト空きスロットはありません、ＡＩを追加できません。,방이 가득 차서 AI를 더 추가할 수 없습니다.,房間已滿，無法繼續添加AI。,,,,,,,,,,,,,,,,,,
,,,,,,,,,,,,,,,,,,,,,,,
#EditDeck,,,,,,,,,,,,,,,,,,,,,,,
卡组,Deck,Deck,デッキ,덱,牌組,,,,,,,,,,,,,,,,,,
主卡组,Main Deck,Deck Principal,メインデッキ,메인 덱,主牌組,,,,,,,,,,,,,,,,,,
额外卡组,Extra Deck,Deck Extra,ＥＸデッキ,엑스트라 덱,額外牌組,,,,,,,,,,,,,,,,,,
副卡组,Side Deck,Side Deck,サイドデッキ,사이드 덱,副牌組,,,,,,,,,,,,,,,,,,
副菜单,Sub Menu,Sub Menu,Sub Menu,Sub Menu,副菜單,,,,,,,,,,,,,,,,,,
重置,Reset,Reiniciar,リセット,재설정,重置,,,,,,,,,,,,,,,,,,
排序,Sort,Ordenar,整列,정렬,排序,,,,,,,,,,,,,,,,,,
打乱,Shuffle,Barajar,シャッフル,섞기,打亂,,,,,,,,,,,,,,,,,,
复制,Copy,Copiar,コーピ,복사,復制,,,,,,,,,,,,,,,,,,
分享,Share,Compartir,共有,공유,分享,,,,,,,,,,,,,,,,,,
测试,Hand Test,Probar,テスト,테스트,測試,,,,,,,,,,,,,,,,,,
上传,Upload,Subir,アップロード,업로드,上傳,,,,,,,,,,,,,,,,,,
点赞,Like,Me gusta,いいね,좋아요,點贊,,,,,,,,,,,,,,,,,,
保存,Save,Guardar,保存,저장,保存,,,,,,,,,,,,,,,,,,
不保存,Undo,No guardar,保存しない,저장 안함,不保存,,,,,,,,,,,,,,,,,,
注意,Attention,Atención,注意,주의,注意,,,,,,,,,,,,,,,,,,
保存失败,Save Failed,Error al guardar,保存失敗,저장 실패,保存失敗,,,,,,,,,,,,,,,,,,
卡组内卡片张数超过限制。@n如需无视限制，请将禁限卡表设置为无（N/A）。,There are Cards in Your Deck that Exceed the Limit。@nPlease set Forbidden & Limited Lists to NA if you want.,"El número de cartas en el Deck supera el límite. @nSi desea ignorar el límite, establezca la lista de cartas prohibidas y limitadas como N/A.",デッキの禁止・制限枚数に反しています。@n制限なししたい場合はリミットレギュレーションを（N/A）を選択してください。,"덱 내 카드 장수 제한을 초과했습니다.@n제한을 무시하려면, 금지 제한을 없음(N/A)으로 설정하세요.",牌組內卡片張數超過限制。@n如需無視限制，請將禁限卡表設定為無（N/A）。,,,,,,,,,,,,,,,,,,
卡组未保存,Deck not Saved,El deck no se ha guardado,デッキ保存,덱이 저장되지 않았습니다,牌組未保存,,,,,,,,,,,,,,,,,,
卡组已修改，是否保存？,Returning to My Deck Screen.@nAre You Sure You want to Return?,"El deck ha sido modificado, ¿Desea guardarlo?",デッキを保存しますか？,덱이 수정되었습니다. 저장하시겠습니까？,牌組已修改，是否保存？,,,,,,,,,,,,,,,,,,
本地卡组「[?]」已保存。,Deck 「[?]」 Saved.,"El deck ""[?]"" ha sido guardado exitosamente.",「[?]」がオフラインデッキを保存しました,덱 「[?]」이(가) 저장되었습니다.,本地牌組「[?]」已保存。,,,,,,,,,,,,,,,,,,
云端卡组「[?]」已同步。,Online Deck 「[?]」 Synchronized.,"Deck Online ""[?]"" sincronizado.",「[?]」がオンラインデッキを保存しました,클라우드 덱 「[?]」이(가) 동기화되었습니다.,雲端牌組「[?]」已同步。,,,,,,,,,,,,,,,,,,
卡片列表,Card List,Lista de Cartas,カードリスト,카드 목록,卡片列表,,,,,,,,,,,,,,,,,,
卡片收藏,Bookmarks,Favorito,ブックマーク,카드 컬렉션,卡片收藏,,,,,,,,,,,,,,,,,,
卡片历史,Card History,Historial de Cartas,カード履歴,카드 역사,卡片歷史,,,,,,,,,,,,,,,,,,
文字搜索,Text Search,Buscar Cartas,テキスト検索,문자 검색,文字搜索,,,,,,,,,,,,,,,,,,
「[?]」的相关卡片,「[?]」 Related Cards,"Cartas relacionadas con ""[?]""",「[?]」@nの関連カード,「[?]」와 관련된 카드,「[?]」的相關卡片,,,,,,,,,,,,,,,,,,
保存失败！,Save Failed!,Fallo al guardar,保存失敗,保存失败！,保存失敗！,,,,,,,,,,,,,,,,,,
云端卡组同步失败：,Online Deck Synchronization Failed:,Error en la sincronización de los decks Online:,オンラインデッキの同期は失敗しました：,云端卡组同步失败：,雲端卡組同步失敗：,,,,,,,,,,,,,,,,,,
卡片历史中为您准备了对手上一局使用过的卡。,Card History Contains the cards that Your Opponent Used in the Last Game.,El historial de cartas contiene las cartas que utilizó tu oponente en el último duelo.,相手が使用したカードリスト。,카드기록에는 상대방이 이전 게임에서 사용한 카드가 준비되어 있습니다.,卡片歷史中為您準備了對手上一局使用過的卡。,,,,,,,,,,,,,,,,,,
副卡组更换完成,Side Deck Change Complete,Volver al Duelo,サイドデッキ変更完了,사이드 덱 교체 완료,副牌組更換完成,,,,,,,,,,,,,,,,,,
请先保存卡组。,Please Save the Deck First.,"Por favor, guardar deck.",先にデッキを保存してください。,먼저덱을 저장하십시오.,請先保存牌組。,,,,,,,,,,,,,,,,,,
创建卡组失败！请检查文件夹权限。,Failed to Create Deck! Please Check Folder Permissions.,"Sin permiso de escritura, no se puede guardar.",新規デッキ追加失敗しました、ファイル権限をチェックしてください。,덱 생성에 실패했습니다! 폴더 권한을 확인해 주세요.,創建牌組失敗！請檢查文件夾權限。,,,,,,,,,,,,,,,,,,
公开中,Public,Public,公開,Public,公開中,,,,,,,,,,,,,,,,,,
非公开中,Unpublic,Unpublic,非公開,Unpublic,非公開中,,,,,,,,,,,,,,,,,,
,,,,,,,,,,,,,,,,,,,,,,,
#Card Detail,,,,,,,,,,,,,,,,,,,,,,,
保存卡图,Save Image,Guardar Imagen,画像を保存,카드 이미지 저장,保存卡圖,,,,,,,,,,,,,,,,,,
卡图已保存于：[?],Card Image Saved in：[?],Imagen de la carta guardada en: [?],画像は[?]に保存しています,카드 이미지가 다음 위치에 저장되었습니다：[?],卡圖已保存於：[?],,,,,,,,,,,,,,,,,,
没有写入权限，无法保存。,Cannot Save Without Write Permission.,"Sin permiso de escritura, no se puede guardar.",保存する権限はありません。,쓰기 권한이 없어 저장할 수 없습니다.,沒有寫入權限，無法保存。,,,,,,,,,,,,,,,,,,
保存选项,Save Option,Save Option,保存選択肢,Save Option,保存選項,,,,,,,,,,,,,,,,,,
当前卡片卡图,Current Card Image,Current Card Image,現在の画像,Current Card Image,當前卡片卡圖,,,,,,,,,,,,,,,,,,
当前卡组卡图,Current Deck's Cards Image,Current Deck's Cards Image,現在のデッキ画像,Current Deck's Cards Image,當前卡組卡圖,,,,,,,,,,,,,,,,,,
所有衍生物卡图,All Token Cards Image,All Token Cards Image,全てのトークン画像,All Token Cards Image,所有衍生物卡圖,,,,,,,,,,,,,,,,,,
所有卡图,All Cards Image,All Cards Image,全てのカード画像,All Cards Image,所有卡圖,,,,,,,,,,,,,,,,,,
卡图保存中,Card Saving,Card Saving,画像を保存中,Card Saving,卡圖保存中,,,,,,,,,,,,,,,,,,
错误：,Error: ,Error: ,エラー：,Error: ,錯誤：,,,,,,,,,,,,,,,,,,
,,,,,,,,,,,,,,,,,,,,,,,
#EditDeck Search Filter,,,,,,,,,,,,,,,,,,,,,,,
筛选菜单,Filter Menu,Menú de filtros,フィルターメニュー,필터 메뉴,篩選菜單,,,,,,,,,,,,,,,,,,
卡片种类,Card Type,Tipo de carta,カード種類,카드 종류,卡片種類,,,,,,,,,,,,,,,,,,
属性,Attribute,Atributo,属性,속성,屬性,,,,,,,,,,,,,,,,,,
魔法·陷阱的种类,Types of Spell and Traps,Tipo de MÁGICA & TRAMPA,魔法・罠の種類,마법·함정의 종류,魔法·陷阱的種類,,,,,,,,,,,,,,,,,,
种族,Type,Raza,種族,종족,種族,,,,,,,,,,,,,,,,,,
能力·其他,Attribute/Other,Sub-Tipo,能力・その他,능력·기타,能力·其他,,,,,,,,,,,,,,,,,,
效果以外,Non-Effect,Excluir efectos,効果以外,효과 이외,效果以外,,,,,,,,,,,,,,,,,,
限制,Limited,Límite,制限,제한,限制,,,,,,,,,,,,,,,,,,
无限制,Unlimited,Sin Límite,無制限,무제한,無限制,,,,,,,,,,,,,,,,,,
卡池,Card Pool,Grupo de cartas,カードプール,카드 풀,卡池,,,,,,,,,,,,,,,,,,
OCG独有,OCG Only,Exclusivo OCG,ＯＣＧのみ,OCG선행,OCG獨有,,,,,,,,,,,,,,,,,,
TCG独有,TCG Only,Exclusivo TCG,ＴＣＧのみ,TCG선행,TCG獨有,,,,,,,,,,,,,,,,,,
效果,Effect,Efecto,効果,효과,效果,,,,,,,,,,,,,,,,,,
稀有度,Rarity,Rareza,レアリティ,희귀도,稀有度,,,,,,,,,,,,,,,,,,
UR,UR,UR,ＵＲ,UR,UR,,,,,,,,,,,,,,,,,,
SR,SR,SR,ＳＲ,SR,SR,,,,,,,,,,,,,,,,,,
其它,Other,Otros,その他,기타,其它,,,,,,,,,,,,,,,,,,
召唤卡片切入,Summon Cut-in,Inserción de invocación,召喚カットイン,소환 카드컷인,召喚卡片切入,,,,,,,,,,,,,,,,,,
数值,Value,Valor,数值,랭크,數値,,,,,,,,,,,,,,,,,,
星数,Level/Rank/Link,Lvl/Rnk/Lnk,レベル・ランク・リンク,레벨,星數,,,,,,,,,,,,,,,,,,
攻击力,Attack,Ataque,攻撃力,공격력,攻擊力,,,,,,,,,,,,,,,,,,
守备力,Defense,Defensa,守備力,수비력,守備力,,,,,,,,,,,,,,,,,,
刻度,Pendulum Scale,Escala,スケール,펜듈럼 스케일,刻度,,,,,,,,,,,,,,,,,,
年份,Year,Año,年,링크,年份,,,,,,,,,,,,,,,,,,
连接箭头,Link Arrow,Flecha de enlace,リンクマーカー,링크 마커,連接箭頭,,,,,,,,,,,,,,,,,,
卡包,Pack,PAQUETE,パック,카드 팩,卡包,,,,,,,,,,,,,,,,,,
所有卡包,All Packs,Todos los paquetes,全てのパック,모든 카드 팩,所有卡包,,,,,,,,,,,,,,,,,,
,,,,,,,,,,,,,,,,,,,,,,,
#EditDeck Search Order,,,,,,,,,,,,,,,,,,,,,,,
种类,Type,Tipo,種類,종류,種類,,,,,,,,,,,,,,,,,,
等级·阶级·连接,Level/Rank/Link,Nivel·Rango·Enlace,レベル・ランク・リンク,레벨·랭크·링크,等級·階級·連接,,,,,,,,,,,,,,,,,,
,,,,,,,,,,,,,,,,,,,,,,,
#Buttons,,,,,,,,,,,,,,,,,,,,,,,
Auto,Auto,Auto,オート,Auto,Auto,,,,,,,,,,,,,,,,,,
On,On,Encendido,ＯＮ,On,On,,,,,,,,,,,,,,,,,,
Off,Off,Apagado,ＯＦＦ,Off,Off,,,,,,,,,,,,,,,,,,
开,ON,Activado,オン,켜기,開,,,,,,,,,,,,,,,,,,
关,OFF,Desactivado,オフ,끄기,關,,,,,,,,,,,,,,,,,,
有,ON,Tiene,あり,있음,有,,,,,,,,,,,,,,,,,,
无,OFF,Ninguno,ない,없음,無,,,,,,,,,,,,,,,,,,
是,Yes,Sí,はい,예,是,,,,,,,,,,,,,,,,,,
否,No,No,いいえ,아니요,否,,,,,,,,,,,,,,,,,,
确认,Confirm,Confirmar,確認,확인,确認,,,,,,,,,,,,,,,,,,
取消,Cancel,Cancelar,キャンセル,취소,取消,,,,,,,,,,,,,,,,,,
选择,Select,Elegir,選択,선택,選擇,,,,,,,,,,,,,,,,,,
覆盖,Overwrite,Sobrescribir,セット,덮어쓰기,覆蓋,,,,,,,,,,,,,,,,,,
放弃,Cancel,Abandonar,放棄,포기,放棄,,,,,,,,,,,,,,,,,,
结束,End,Finalizar,終了,종료,結束,,,,,,,,,,,,,,,,,,
,,,,,,,,,,,,,,,,,,,,,,,
#Duel,,,,,,,,,,,,,,,,,,,,,,,
未知卡片,Unknown Card,Carta desconocida,不明カード,알 수 없는 카드,未知卡片,,,,,,,,,,,,,,,,,,
未知卡表,Unknown Ban-List,Banlist desconocida,Ｎ／Ａ,알 수 없는 카드 목록,未知卡表,,,,,,,,,,,,,,,,,,
【灵摆效果】,【Pendulum Effect】,【Efecto de péndulo】,【ペンデュラム効果】,【펜듈럼효과】,【靈擺效果】,,,,,,,,,,,,,,,,,,
【怪兽效果】,【Monster Effect】,【Efecto de monstruo】,【モンスター効果】,【몬스터 효과】,【怪獸效果】,,,,,,,,,,,,,,,,,,
【怪兽描述】,【Monster Description】,【Descripción del monstruo】,【モンスターテキスト】,【몬스터 설명】,【怪獸描述】,,,,,,,,,,,,,,,,,,
[?]族,[?],[?],[?],[?],[?]族,,,,,,,,,,,,,,,,,,
召唤,Summon,Invocar,召喚,일반 소환,召喚,,,,,,,,,,,,,,,,,,
特殊召唤,Special Summon,Invocación Especial,特殊召喚,특수 소환,特殊召喚,,,,,,,,,,,,,,,,,,
反转召唤,Flip Summon,Invocación por Volteo,反転召喚,반전 소환,反轉召喚,,,,,,,,,,,,,,,,,,
灵摆召唤,Pendulum Summon,Invocación por Péndulo,ペンデュラム召喚,펜듈럼소환,靈擺召喚,,,,,,,,,,,,,,,,,,
灵摆发动,P Scale,Poner en Zona de Péndulo,ペンデュラム効果発動,펜듈럼발동,靈擺發動,,,,,,,,,,,,,,,,,,
发动效果,Active Effect,Activar Efecto,効果発動,효과 발동,發動效果,,,,,,,,,,,,,,,,,,
变为攻击表示,Change to Attack Position,Cambiar a posición de ataque,攻撃表示になる,공격 표시로 변경,變為攻擊表示,,,,,,,,,,,,,,,,,,
变为守备表示,Change to Defend Position,Cambiar a posición de defensa,守備表示になる,수비표시로 변경,變為守備表示,,,,,,,,,,,,,,,,,,
「[?]」被发动时,「[?]」 was activated,"Se Activó ""[?]""",「[?]」が発動された時,「[?]」이(가) 발동했을 때,「[?]」被發動時,,,,,,,,,,,,,,,,,,
「[?]」特殊召唤宣言时,「[?]」was special summoned,"""[?]"" fue Invocado de Modo Especial",「[?]」特殊召喚宣言時,「[?]」특수 소환 선언했을 때,「[?]」特殊召喚宣言時,,,,,,,,,,,,,,,,,,
「[?]」通常召唤宣言时,「[?]」was normal summoned,"""[?]"" fue Invocado de Modo de Modo Normal",「[?]」通常召喚宣言時,「[?]」일반 소환 선언했을 때,「[?]」通常召喚宣言時,,,,,,,,,,,,,,,,,,
「[?]」反转召唤宣言时,「[?]」was flip summoned,"""[?]"" fue Invocado por Volteo",「[?]」反転召喚宣言時,「[?]」역소환 선언했을 때,「[?]」反轉召喚宣言時,,,,,,,,,,,,,,,,,,
「[?]」攻击时,「[?]」is attacking,"""[?]"" está atacando",「[?]」攻撃時,「[?]」공격했을 때,「[?]」攻擊時,,,,,,,,,,,,,,,,,,
攻击被无效时,Attack is negated,El ataque está negado,攻撃が無効時,공격이 무효화되었을 때,攻擊被無效時,,,,,,,,,,,,,,,,,,
游戏胜利，原因：[?],"Victory, Reason: [?]","¡Haz ganado el duelo!, motivo: [?]",ゲーム勝利：[?],승리：[?],遊戲勝利，原因：[?],,,,,,,,,,,,,,,,,,
游戏败北，原因：[?],"Defeated, Reason: [?]","¡Haz perdido el duelo!, motivo: [?]",ゲーム敗北：[?],패배：[?],遊戲敗北，原因：[?],,,,,,,,,,,,,,,,,,
我方抽卡时,You draw the card(s),Robas la(s) carta(s),自分はカードドローした時,자신이카드 뽑을 때,我方抽牌時,,,,,,,,,,,,,,,,,,
对方抽卡时,Opponent draw the cards(s),El oponente roba la(s) carta(s),相手はカードドローした時,상대가카드 뽑을 때,對方抽牌時,,,,,,,,,,,,,,,,,,
我方生命值回复时,Your LP gained,Tus LP aumentaron,自分はＬＰを回復した時,자신이 라이프를회복했을 때,我方生命値回復時,,,,,,,,,,,,,,,,,,
对方生命值回复时,Opponent's LP gained,Los LP del oponente aumentaron,相手はＬＰを回復した時,상대가 라이프를회복했을 때,對方生命値回復時,,,,,,,,,,,,,,,,,,
我方受到伤害时,Damage inflicted to you,Recibes daño,自分はダメージを受けた時,자신이데미지를 받았을 때,我方受到傷害時,,,,,,,,,,,,,,,,,,
对方受到伤害时,Damage inflicted to opponent,El oponente recibe daño,相手はダメージを受けた時,상대가데미지를 받았을 때,對方受到傷害時,,,,,,,,,,,,,,,,,,
硬币正面,Heads,Cara,コイントス表,동전 앞면,硬幣正面,,,,,,,,,,,,,,,,,,
硬币反面,Tails,Cruz,コイントス裏,동전 뒷면,硬幣反面,,,,,,,,,,,,,,,,,,
骰子结果：[?],Dice Result:[?],Resultado del dado: [?],ダイス結果：[?],주사위 결과：[?],骰子結果：[?],,,,,,,,,,,,,,,,,,
效果选择：[?],Effect Choose：[?],Efecto elegido: [?],効果選択：[?],효과 선택：[?],效果選擇：[?],,,,,,,,,,,,,,,,,,
种族选择：[?],Select Type:[?],Raza Elegida: [?],種族選択：[?],종족 선택：[?],種族選擇：[?],,,,,,,,,,,,,,,,,,
属性选择：[?],Select Attribute:[?],Atributo elegido: [?],属性選択：[?],속성 선택：[?],屬性選擇：[?],,,,,,,,,,,,,,,,,,
数字选择：[?],Select Number:[?],Número elegido: [?],数値選択：[?],숫자 선택：[?],數字選擇：[?],,,,,,,,,,,,,,,,,,
区域选择：[?],Select Zone:[?],Zona elegida: [?],位置選択：[?],존선택：[?],區域選擇：[?],,,,,,,,,,,,,,,,,,
对象选择：[?],Select Target:[?],Objetivo elegido: [?],対象選択：[?],대상 선택：[?],对象選擇：[?],,,,,,,,,,,,,,,,,,
效果适用：[?],Effect: [?],Aplicar efecto: [?],効果適用：[?],효과 적용：[?],效果適用：[?],,,,,,,,,,,,,,,,,,
宣言卡片：[?],Declaration Card: [?],Carta declarada: [?],宣言カード：[?],선언한 카드：[?],宣言卡片：[?],,,,,,,,,,,,,,,,,,
数字记录：,Number Record:,Registro de números:,数値ログ：,숫자 기록：,數字記錄：,,,,,,,,,,,,,,,,,,
卡片记录：,Card Record:,Registro de cartas:,カードログ：,카드 기록：,卡片記錄：,,,,,,,,,,,,,,,,,,
种族记录：,Type Record:,Registro de razas:,種族ログ：,종족 기록：,種族記錄：,,,,,,,,,,,,,,,,,,
属性记录：,Attribute Record:,Registro de atributos:,属性ログ：,속성 기록：,屬性記錄：,,,,,,,,,,,,,,,,,,
宣言种族,Declare Type,Declarar raza,種族宣言,선언한종족,宣言種族,,,,,,,,,,,,,,,,,,
宣言属性,Declare Attribute,Declarar atributo,属性宣言,선언한속성,宣言屬性,,,,,,,,,,,,,,,,,,
宣言数字,Declare Number,Declarar número,数値宣言,선언한숫자,宣言數字,,,,,,,,,,,,,,,,,,
请选择前往的阶段,Select Phase to Change to,"Por favor, elige la fase a la que deseas ir",移行するフェイズを選択してください,이동할 단계를 선택하세요,請選擇前往的階段,,,,,,,,,,,,,,,,,,
请为卡片排序。,Please sort the card(s).,"Por favor, ordena las cartas.",カードを整列してください。,카드를 정렬하세요.,請為卡片排序。,,,,,,,,,,,,,,,,,,
请取除指示物,Please remove the counter(s),"Por favor, retire el contador.",カウンターを取り除いてください,카운터를제거하세요.,請取除指示物,,,,,,,,,,,,,,,,,,
通常召唤登场,Normal Summoned,Invocación Normal,正規通常召喚,통상 소환됨,通常召喚登場,,,,,,,,,,,,,,,,,,
未正规登场,Not Properly Summoned,Invocado incorrectamente,不正規召喚,비정규 소환됨,未正規登場,,,,,,,,,,,,,,,,,,
选择怪兽特殊召唤。,Select Monster to Special Summon.,Selecciona el monstruo a Invocar de Modo Especial.,特殊召喚するモンスターを選択してください。,특수 소환할 몬스터를 선택하세요.,選擇怪獸特殊召喚。,,,,,,,,,,,,,,,,,,
请选择卡片,Please Select a Card,"Por favor, seleccione una carta",カードを選択してください,카드를 선택하세요,請選擇卡片,,,,,,,,,,,,,,,,,,
请输入关键字：,Please Enter Keyword:,"Por favor, ingresa la palabra clave:",キーワードを入力してください：,키워드를 입력하세요：,請輸入關鍵字：,,,,,,,,,,,,,,,,,,
搜索,Search,Buscar,検索,검색,搜索,,,,,,,,,,,,,,,,,,
请选择需要宣言的卡片。,Select a Card to Declare.,Seleccione la carta a declarar.,宣言するカードを選択してください。,선언해야 할 카드를 선택하세요.,請選擇需要宣言的卡片。,,,,,,,,,,,,,,,,,,
请为我方的「[?]」选择位置。,Select a Place for Your 「[?]」.,"Seleccione una zona de tu campo para activar/invocar/colocar la carta ""[?]"".",自分の「[?]」の位置を選択してください。,자신의 「[?]」에 대한 위치를 선택하세요.,請為我方的「[?]」選擇位置。,,,,,,,,,,,,,,,,,,
请为对方的「[?]」选择位置。,Select a Place for Opponent's 「[?]」.,"Seleccione una zona del campo de tu adversario para activar/invocar/colocar la carta ""[?]"".",相手の「[?]」の位置を選択してください。,상대의 「[?]」에 대한 위치를 선택하세요.,請為對方的「[?]」選擇位置。,,,,,,,,,,,,,,,,,,
请选择表示形式,Select Position,Seleccione la posición de batalla,表示形式を選んでください,표시 형식을 선택하세요,請選擇表示形式,,,,,,,,,,,,,,,,,,
设置,Set,Colocar,セット,설정,設置,,,,,,,,,,,,,,,,,,
攻击,Attack,Atacar,攻撃,공격,攻擊,,,,,,,,,,,,,,,,,,
效果选择,Select Effect,Selección de efecto,効果選択,효과 선택,效果選擇,,,,,,,,,,,,,,,,,,
选择效果,Select Effect,Selecciona un efecto,選択効果,효과 선택,選擇效果,,,,,,,,,,,,,,,,,,
选择效果发动。,Select a Optional Effect to Activate.,Seleccione el efecto a activar (opcional).,発動する効果を選択してください。,효과 발동을 선택하세요.,選擇效果發動。,,,,,,,,,,,,,,,,,,
选择必发效果发动。,Select a Mandatory Effect to Activate.,Seleccione el efecto a activar (obligatorio).,強制発動効果を選択してください。,반드시 발동할 효과를 선택하세요.,選擇必發效果發動。,,,,,,,,,,,,,,,,,,
[?]，是否连锁？,"[?], Chain?",[?] ¿Quieres encadenar?,[?]、チェインをしますか？,[?]，체인을 발동하시겠습니까?,[?]，是否連鎖？,,,,,,,,,,,,,,,,,,
[?]，请选择效果发动。,"[?], please to select a effect to activate.",[?] seleccione el efecto a activar.,[?]、発動する効果を選択してください。,[?]，효과를 발동하세요.,[?]，請選擇效果發動。,,,,,,,,,,,,,,,,,,
投降,Surrend,Rendirse,降参,항복,投降,,,,,,,,,,,,,,,,,,
您确定要投降吗？,Are you Sure you want to Surrend?,¿Estás seguro de que quieres rendirte?,降参しますか？,정말로항복하시겠습니까？,您确定要投降嗎？,,,,,,,,,,,,,,,,,,
您发起了投降。,You Initiated Surrender.,Solicitas la rendición,自分が降参しました。,항복 하였습니다.,您發起了投降。,,,,,,,,,,,,,,,,,,
队友发起了投降。,Your Teammate Initiated Surrender.,Tu compañero de equipo solicita la rendición,パートナーが降参しました。,팀원,隊友,,,,,,,,,,,,,,,,,,
请耐心等待双方玩家更换副卡组。,Please wait for both Players to Change their Side Deck.,"Por favor, espera pacientemente a que ambos jugadores cambien sus Side Decks.",サイドデッキの変更を待ってください。,양측 플레이어가사이드 덱을 교체하는 동안 기다려주세요.,請耐心等待雙方玩家更換副牌組。,,,,,,,,,,,,,,,,,,
确认卡片：[?],Confirm Card: [?],Carta confirmada: [?],カード確認：[?],카드 확인：[?],确認卡片：[?],,,,,,,,,,,,,,,,,,
确认卡片：[?]张。,Confirm Cards: [?],Cartas confirmadas: [?] cartas.,カード確認：[?] 枚。,카드 확인：[?]장.,確認卡片：[?]張。,,,,,,,,,,,,,,,,,,
现在不能查看此处的卡片。,Cannot Check the Cards Here Now.,No se puede ver la tarjeta aquí ahora.,このカードは現在表示できません。,지금 이 카드에는 액세스할 수 없습니다.,現在不能查看此處的卡片。,,,,,,,,,,,,,,,,,,
更换副卡组成功，请等待对手更换副卡组。,The Change of the Side Deck has been Successful. Please wait for the Opponent to Change the Side Deck.,"El cambio del Grupo de tarjetas secundarias fue exitoso, por favor espere a que su oponente cambie el Grupo de tarjetas secundarias.",サイドデッキの交換に成功しました、相手のサイドデッキの交換をお待ちください。,보조 카드 그룹 교체에 성공했습니다. 상대방이 보조 카드 그룹을 교체할 때까지 기다리십시오.,更換副卡組成功，請等待對手更換副卡組。,,,,,,,,,,,,,,,,,,
我方状态：[?],My Status: [?],My Status: [?],自分の状態：[?],My Status: [?],我方狀態：[?],,,,,,,,,,,,,,,,,,
对方状态：[?],Opponent's Status: [?],Opponent's Status: [?],相手の状態：[?],Opponent's Status: [?],對方狀態：[?],,,,,,,,,,,,,,,,,,
我方状态结束：[?],My Status End: [?],My Status End: [?],自分の状態終了：[?],My Status End: [?],我方狀態結束：：[?],,,,,,,,,,,,,,,,,,
对方状态结束：[?],Opponent's Status End: [?],Opponent's Status End: [?],相手の状態終了：[?],Opponent's Status End: [?],對方狀態結束：[?],,,,,,,,,,,,,,,,,,
不能确认墓地中的卡,Can Not Check the Cards in Grave,Can Not Check the Cards in Grave,相手墓地のカードを確認できません,Can Not Check the Cards in Grave,不能確認墓地中的卡,,,,,,,,,,,,,,,,,,
,,,,,,,,,,,,,,,,,,,,,,,
#Tips,,,,,,,,,,,,,,,,,,,,,,,
请联系开发者修复这张特殊胜利的卡。,,,,,請聯繫開發者修復這張特殊勝利的卡。,,,,,,,,,,,,,,,,,,
,,,,,,,,,,,,,,,,,,,,,,,
#Duel Log,,,,,,,,,,,,,,,,,,,,,,,
第[?]回合,Turn [?],Turno [?],ターン [?],[?]턴,第[?]回合,,,,,,,,,,,,,,,,,,
抽卡阶段,Draw Phase,Fase de Robo,ドローフェイズ,드로우 페이즈,抽牌階段,,,,,,,,,,,,,,,,,,
准备阶段,Standy Phase,Fase de Preparación,スタンバイフェイズ,스탠바이 페이즈,准備階段,,,,,,,,,,,,,,,,,,
主要阶段1,Main Phase 1,Fase Principal 1,メインフェイズ１,메인 페이즈1,主要階段1,,,,,,,,,,,,,,,,,,
战斗阶段,Battle Phase,Fase de Batalla,バトルフェイズ,배틀 페이즈,戰斗階段,,,,,,,,,,,,,,,,,,
主要阶段2,Main Phase 2,Fase Principal 2,メインフェイズ２,메인 페이즈2,主要階段2,,,,,,,,,,,,,,,,,,
结束阶段,End Phase,Fase Final,エンドフェイズ,엔드 페이즈,結束階段,,,,,,,,,,,,,,,,,,
抽卡,Draw,Robar,ドロー,드로우,抽牌,,,,,,,,,,,,,,,,,,
送至,To,Enviar,送る,보내기,送至,,,,,,,,,,,,,,,,,,
加入,Add,Añadir,加える,추가,加入,,,,,,,,,,,,,,,,,,
回到,Return,Devolver,戻す,덱에 넣음,回到,,,,,,,,,,,,,,,,,,
回收,Recycle,Reciclar,回収,패에 넣음,回收,,,,,,,,,,,,,,,,,,
发动,Activate,Activar FX,発動,발동,發動,,,,,,,,,,,,,,,,,,
公开,Show,Mostrar,公開,공개,公開,,,,,,,,,,,,,,,,,,
公开手卡,Show Card (Hand),Mostrar carta (mano),手札公開,핸드 공개,公開手卡,,,,,,,,,,,,,,,,,,
公开盖卡,Show Card (Setted),Mostrar carta (conocida),セットカード公開,세트 카드 공개,公開蓋卡,,,,,,,,,,,,,,,,,,
公开卡组,Show Card (Deck),Mostrar carta (deck),デッキ公開,덱 공개,公開卡組,,,,,,,,,,,,,,,,,,
代价,Cost,Costo,コスト,지불,代價,,,,,,,,,,,,,,,,,,
解放,Release,Sacrificar,リリース,릴리스,解放,,,,,,,,,,,,,,,,,,
破坏,Destroy,Destruir,破壊,파괴,破壞,,,,,,,,,,,,,,,,,,
盖放,Set,Colocar,セット,세트,蓋放,,,,,,,,,,,,,,,,,,
打开盖卡,Flip,Voltear,リバース,세트 카드 오픈,打開蓋卡,,,,,,,,,,,,,,,,,,
放置,Set,Colocar,置く,배치,放置,,,,,,,,,,,,,,,,,,
仪式召唤,Ritual Summon,Invocar por Ritual,儀式召喚,의식 소환,儀式召喚,,,,,,,,,,,,,,,,,,
融合召唤,Fusion Summon,Invocar por Fusión,融合召喚,융합 소환,融合召喚,,,,,,,,,,,,,,,,,,
同调召唤,Synchro Summon,Invocar por Sincronía,シンクロ召喚,싱크로 소환,同調召喚,,,,,,,,,,,,,,,,,,
超量召唤,XYZ Summon,Invocar por XYZ,エクシーズ召喚,엑시즈 소환,超量召喚,,,,,,,,,,,,,,,,,,
连接召唤,Link Summon,Invocar por Enlace,リンク召喚,링크 소환,連接召喚,,,,,,,,,,,,,,,,,,
连锁,Chain,Cadena,チェイン,체인,連鎖,,,,,,,,,,,,,,,,,,
连锁结束,Chain End,Fin de la Cadena,チェイン終了,체인 종료,連鎖結束,,,,,,,,,,,,,,,,,,
效果处理,Effect Processing,Resolviendo Efecto,効果処理,효과 처리,效果處理,,,,,,,,,,,,,,,,,,
处理结束,Processing Completed,Resolución Completada,処理完了,처리 종료,處理結束,,,,,,,,,,,,,,,,,,
发动无效,Activating Invalid,Activación Negada,発動無効,발동 무효,發動無效,,,,,,,,,,,,,,,,,,
效果无效,Effect Invalid,Efecto Negado,効果無効,효과 무효,效果無效,,,,,,,,,,,,,,,,,,
灵摆召唤结束,Pendulum Summon Completed,Invocación por Péndulo Finalizada,ペンデュラム召喚終了,펜듈럼 소환 종료,靈擺召喚結束,,,,,,,,,,,,,,,,,,
对象,Target,Seleccionar,対象,대상,對象,,,,,,,,,,,,,,,,,,
伤害,Damage,Daño,ＬＰダメージ,데미지,傷害,,,,,,,,,,,,,,,,,,
回复,Restore,Recuperar,ＬＰ回復,회복,回復,,,,,,,,,,,,,,,,,,
基本分改变,LP Change,LP Modificados,ＬＰ変化,라이프 포인트 변경,基本分改變,,,,,,,,,,,,,,,,,,
更改表示形式,Position Change,Cambiar Posición,表示形式変更,표시 형식 변경,更改表示形式,,,,,,,,,,,,,,,,,,
移动,Move,Mover,移動,이동,移動,,,,,,,,,,,,,,,,,,
转移控制权,Control Transfer,Cambiar Control, コントロール変更,컨트롤 이전,轉移控制權,,,,,,,,,,,,,,,,,,
,,,,,,,,,,,,,,,,,,,,,,,
#Appearance,,,,,,,,,,,,,,,,,,,,,,,
决斗外观,Duel Appearance,Aspecto del duelo,デュエルテーマ,결투 외관,決斗外觀,,,,,,,,,,,,,,,,,,
观战外观,Spectate Appearance,Aspecto del expectado,観戦テーマ,관전 외관,觀戰外觀,,,,,,,,,,,,,,,,,,
回放外观,Replay Appearance,Aspecto de la repetición,リプレイテーマ,리플레이 외관,回放外觀,,,,,,,,,,,,,,,,,,
卡组外观,Deck Appearance,Aspecto de deck,アクセサリー変更,덱 외관,卡組外觀,,,,,,,,,,,,,,,,,,
玩家名,Player Name,Nombre del jugador,プレイヤー名,플레이어 이름,玩家名,,,,,,,,,,,,,,,,,,
壁纸,Wallpapper,Fondo de pantalla,壁紙,벽지,壁紙,,,,,,,,,,,,,,,,,,
头像,Icon,Avatar,アイコン,아이콘,頭像,,,,,,,,,,,,,,,,,,
头像框,Icon Frame,Marco del avatar,アイコンフレーム,아이콘프레임,頭像框,,,,,,,,,,,,,,,,,,
卡盒,Card Case,Estuche de cartas,カードケース,카드케이스,卡盒,,,,,,,,,,,,,,,,,,
卡套,Card Protector,Cover de cartas,プロテクター,프로텍터,卡套,,,,,,,,,,,,,,,,,,
决斗场地,Duel Field,Escenario de duelo,デュエルフィールド,듀얼 필드,決斗場地,,,,,,,,,,,,,,,,,,
场地配件,Field Parts,Accesorios del escenario,デュエルパーツ,필드 파츠,場地配件,,,,,,,,,,,,,,,,,,
伙伴台,Mate's Base,Mesa del compañero,メイト台,메이트 베이스,夥伴臺,,,,,,,,,,,,,,,,,,
伙伴,Mate,Compañero,メイト,메이트,夥伴,,,,,,,,,,,,,,,,,,
代表卡,Three Main Cards,Tres cartas principales,代表カード,대표3 카드,代表卡,,,,,,,,,,,,,,,,,,
正在设置,Currently Active,Actualmente activo,アイテム名,설정 중,正在設置,,,,,,,,,,,,,,,,,,
测试,Test,Probar,テスト,테스트,測試,,,,,,,,,,,,,,,,,,
我方,Player,Jugador,自分,자신,我方,,,,,,,,,,,,,,,,,,
对方,Opponent,Oponente,相手,상대,對方,,,,,,,,,,,,,,,,,,
我方队友,Your Teammate,Compañero,味方パートナー,자신팀원,我方隊友,,,,,,,,,,,,,,,,,,
对方队友,Opponent's Teammate,Compañero del Oponente,相手パートナー,상대 팀원,對方隊友,,,,,,,,,,,,,,,,,,
请输入您的昵称：,Please Enter Your Player Name：,Ingresa tu nombre: ,プレイヤー名を入力：,닉네임을 입력해주세요：,請輸入您的暱稱：,,,,,,,,,,,,,,,,,,
请输入对方的昵称，留空则显示真实昵称：,Nickname to Overwrite Your Opponent's Player Name：,Ingresa el nombre de tu oponente: ,相手のプレイヤー名を入力,상대의 닉네임을 입력해주세요. 공란으로 두면 실제 닉네임이 표시됩니다：,請輸入對方的暱稱，留空則顯示眞實暱稱：,,,,,,,,,,,,,,,,,,
请输入您的队友的昵称，留空则显示真实昵称：,Nickname to Overwrite your Teammate's Player Name：,Ingresa el nombre de tu compañero: ,味方のパートナー名を入力,팀원 닉네임을 입력해주세요. 공란으로 두면 실제 닉네임이 표시됩니다：,請輸入您的隊友的暱稱，留空則顯示眞實暱稱：,,,,,,,,,,,,,,,,,,
请输入对方的队友的昵称，留空则显示真实昵称：,Nickname to Overwrite your Opponent's Teammate's Player Name：,Ingresa el nombre del compañero de tu oponente: ,相手パートナーのプレイヤー名を入力,상대 팀원 닉네임을 입력해주세요. 공란으로 두면 실제 닉네임이 표시됩니다：,請輸入對方的隊友的暱稱，留空則顯示眞實暱稱：,,,,,,,,,,,,,,,,,,
由「[?]」投稿。,Contributed by 「[?]」.,"Publicado por ""[?]""",「[?]」が投稿した。,「[?]」에서 투고합니다.,由「[?]」投稿。,,,,,,,,,,,,,,,,,,
随机,Random,Aleatorio,ランダム,무작위,隨機,,,,,,,,,,,,,,,,,,
该项设置将随机设置。,Set it to Random.,Esta configuración se establecerá aleatoriamente.,ランダム設定,이 설정은 임의로 설정됩니다.,該項設定將隨機設定。,,,,,,,,,,,,,,,,,,
一致,Matches the Duel Field,Coincide con el escenario,一致,일관성,一致,,,,,,,,,,,,,,,,,,
该项设置将与场地设置保持一致。,This will Match with the Duel Field.,Esta configuración coincidirá con la del escenario de duelo.,この設定はフィールドの設定と一致にする,이 설정은 필드 설정과 일치합니다.,該項設置將與場地設置保持一致。,,,,,,,,,,,,,,,,,,
该项设置将与我方场地设置保持一致。,This will Match with My Duel Field.,This will Match with My Duel Field.,この設定は自分のフィールドの設定と一致にする,This will Match with My Duel Field.,該項設置將與我方場地設置保持一致。,,,,,,,,,,,,,,,,,,
不设置,No Image,Sin Imagen,設定しない,설정 안 함,不設定,,,,,,,,,,,,,,,,,,
该项设置将设置为无。,"This Setting will be Set to ""No Image"".","Esta configuración se establecerá en ""Sin Imagen"".",設定を無しにする,이 설정은 없음으로 설정됩니다.,該項設定將設定為無。,,,,,,,,,,,,,,,,,,
覆盖卡组设置,Override Deck Appearance,Anular Apariencia del Deck,デッキ設定の上書きにする,카드 그룹 설정 덮어쓰기,覆蓋卡組設置,,,,,,,,,,,,,,,,,,
自定义,DIY,DIY,カスタマイズ,DIY,自定義,,,,,,,,,,,,,,,,,,
我方头像：,My Avatar: ,Mi Avatar: ,自分のアバター,My Avatar: ,我方頭像：,,,,,,,,,,,,,,,,,,
对方头像：,Op Avatar: ,Avatar del Op: ,相手のアバター,Op Avatar: ,對方頭像：,,,,,,,,,,,,,,,,,,
我方队友头像：,My Tag Avatar: ,Mi Tag Avatar: ,味方パートナーのアバター,My Tag Avatar: ,我方隊友頭像：,,,,,,,,,,,,,,,,,,
对方队友头像：,Op Tag Avatar: ,Tag Avatar del Op: ,相手パートナーのアバター,Op Tag Avatar: ,對方隊友頭像：,,,,,,,,,,,,,,,,,,
,,,,,,,,,,,,,,,,,,,,,,,
#Character,,,,,,,,,,,,,,,,,,,,,,,
决斗角色,Characters in Duel,Personajes de Duelo,デュエルキャラクター,결투 역할,決斗角色,,,,,,,,,,,,,,,,,,
观战角色,Characters in Spectate,Personajes de Expectador,観戦キャラクター,관전 역할,觀戰角色,,,,,,,,,,,,,,,,,,
回放角色,Characters in Replay,Personajes de Reproducción,リプレイキャラクター,역할 재생,回放角色,,,,,,,,,,,,,,,,,,
,,,,,,,,,,,,,,,,,,,,,,,
#Online Deck,,,,,,,,,,,,,,,,,,,,,,,
在线卡组,Online Deck,Decks Online,オンラインデッキ,온라인 덱,在線牌組,,,,,,,,,,,,,,,,,,
搜索作者,Search Author,Buscar Autor,作者を検索する,작성자 검색,搜索作者,,,,,,,,,,,,,,,,,,
上传卡组错误,Error Loading Deck,Error al cargar el deck,デッキアップロードがエラー発生,덱 업로드 오류,上傳牌組錯誤,,,,,,,,,,,,,,,,,,
没有传入贡献者,No Author Information,No hay información del autor,作者名がアップロードしていません,기여자가 전달되지 않음,沒有傳入貢獻者,,,,,,,,,,,,,,,,,,
没有传入卡组 ID,No Deck ID Info,No hay información del ID del deck,デッキＩＤがアップロードしてません,덱 ID가 전달되지 않음,沒有傳入牌組ID,,,,,,,,,,,,,,,,,,
没有传入卡组名称,No Deck Name,No hay nombre del deck,デッキ名がアップロードしていません,덱 이름이 전달되지 않음,沒有傳入牌組名稱,,,,,,,,,,,,,,,,,,
没有传入 YDK 内容,The Content of the YDK is empty,No hay contenido YDK del deck,ＹＤＫ 内容がアップロードしていません,YDK 내용이 전달되지 않음,沒有傳入YDK內容,,,,,,,,,,,,,,,,,,
YDK 内容不合法，主卡组必须满 40 张,"YDK content is Illegal, The Main Deck must Have at Least 40 cards","El contenido YDK es ilegal, el deck principal debe tener al menos 40 cartas.",ＹＤＫ デッキのカード枚数が不正です，４０枚以上は必須です。,"YDK내용이 유효하지 않음, 메인 덱은 최소 40장이여야 함",YDK內容不合法，主牌組必須滿40張,,,,,,,,,,,,,,,,,,
更新卡组错误,Error Updating the Deck,Error al actualizar el deck,デッキ更新エラー,덱 업데이트 오류,更新牌組錯誤,,,,,,,,,,,,,,,,,,
删除卡组错误,Error Deleting the Deck,Error al eliminar el deck,デッキ削除エラー,덱 삭제 오류,刪除牌組錯誤,,,,,,,,,,,,,,,,,,
卡组不存在,The Deck does not Exist,El deck no existe,デッキは存在しません,덱이 존재하지 않음,牌組不存在,,,,,,,,,,,,,,,,,,
点赞过于频繁，请于 10 分钟后再试,You have Clicked “Like” too many times in a row. Try again in 10 minutes.,"Haz hecho clic en ""Me gusta"" muchas veses seguidas. Vuelve a intentarlo en 10 minutos.",「いいね！」の頻度が高すぎるため、１０分後にもう一度お試しください。,좋아요를 너무 자주 눌렀습니다. 10분 후에 다시 시도하세요.,點贊過於頻繁，請於10分鐘後再試,,,,,,,,,,,,,,,,,,
请求来源不正确,The Origin of the Request is Incorrect.,El origen de la solicitud es incorrecto.,リクエスト先が間違っています,요청 출처가 올바르지 않음,請求來源不正確,,,,,,,,,,,,,,,,,,
卡组或贡献者名称中包含敏感词「[?]」，不能上传,"The Name of the Deck or author, contains sensitive Words 「[?]」 and Cannot be Uploaded","El nombre del deck o del autor contienen palabras confidenciales ""[?]"" y no se pueden cargar.",デッキか作者名がセンシティブな言葉「[?]」が含まれています、アップロードできません。,덱 또는 기여자 이름에 민감한 단어 「[?]」가 포함되어 있어 업로드할 수 없습니다.,牌組或貢獻者名稱中包含敏感詞「[?]」，不能上傳,,,,,,,,,,,,,,,,,,
网络异常，获取在线卡组失败。,"The Network is Unstable, the Online Deck Could not be Accessed.","La red está inestable, no se pudo obtener el deck online.",ネットワーク異常です、オンラインデッキを読み取り失敗しました。,"네트워크 오류, 온라인 덱 가져오기 실패.",網絡异常，獲取線上牌組失敗。,,,,,,,,,,,,,,,,,,
网络异常，获取在线卡组列表失败。,"The Network is Unstable, the Llist of Online Decks could not be Accessed.","La red está inestable, no se pudo obtener la lista de decks online.",ネットワーク異常です、オンラインデッキリストを読み取り失敗しました。,"네트워크 오류, 온라인 덱 목록 가져오기 실패.",網絡异常，獲取線上牌組清單失敗。,,,,,,,,,,,,,,,,,,
上传卡组「[?]」成功。,Successfully Uploaded Deck 「[?]」.,"La carga del deck ""[?]"" se realizó correctamente.",「[?]」デッキのアップロードが成功しました。,덱 「[?]」 업로드 성공.,上傳牌组「[?]」成功。,,,,,,,,,,,,,,,,,,
上传卡组「[?]」失败：,Failed to Upload Deck 「[?]」:,"No se pudo cargar el deck ""[?]"": ",「[?]」デッキのアップロードが失敗しました：,덱 「[?]」 업로드 실패：,上傳牌组「[?]」失敗：,,,,,,,,,,,,,,,,,,
上传卡组失败：,Failed to Upload Deck:,No se pudo cargar el deck: ,デッキのアップロードが失敗しました：,덱 업로드 실패：,上傳牌组失敗：,,,,,,,,,,,,,,,,,,
更新卡组「[?]」成功。,Successfully Updated Deck 「[?]」.,"Se actualizó el deck ""[?]"" con éxito.",「[?]」デッキの更新が成功しました。,덱 「[?]」 업데이트 성공.,更新牌组「[?]」成功。,,,,,,,,,,,,,,,,,,
更新卡组「[?]」失败：,Failed to Update Deck 「[?]」:,"No se pudo actualizar el deck ""[?]"": ",「[?]」デッキの更新が失敗しました：,덱 「[?]」 업데이트 실패：,更新牌组「[?]」失敗：,,,,,,,,,,,,,,,,,,
更新卡组失败：,Failed to Update Deck: ,No se pudo actualizar el deck: ,デッキの更新が失敗しました：,덱 업데이트 실패：,更新牌组失敗：,,,,,,,,,,,,,,,,,,
点赞卡组成功。,Liked Successful.,"El ""Me gusta"" se ha registrado correctamente.",デッキに「いいね！」が成功しました,덱 좋아요 성공.,點讚牌組成功。,,,,,,,,,,,,,,,,,,
点赞卡组失败：,Liked Failed:,"Falló al dar ""Me gusta"": ",デッキに「いいね！」が失敗しました：,덱 좋아요 실패：,點讚牌組失敗：,,,,,,,,,,,,,,,,,,
更新在线卡组,Update Online Deck,Actualizar deck online,オンラインデッキを更新する,온라인 덱 업데이트,更新線上牌組,,,,,,,,,,,,,,,,,,
复制在线卡组分享码,Copy Online Deck Sharing Code,Copiar el código para compartir el deck online.,オンラインデッキの共有コードをコピーする,온라인 덱 공유 코드 복사,複製線上牌組分享碼,,,,,,,,,,,,,,,,,,
,,,,,,,,,,,,,,,,,,,,,,,
#Card Renderer,,,,,,,,,,,,,,,,,,,,,,,
魔法卡,SPELL CARD,CARTA MÁGICA,魔法カード,마법 카드,魔法卡,,,,,,,,,,,,,,,,,,
陷阱卡,TRAP CARD,CARTA TRAMPA,罠カード,함정 카드,陷阱卡,,,,,,,,,,,,,,,,,,
,,,,,,,,,,,,,,,,,,,,,,,
#Rush Duel Mate,,,,,,,,,,,,,,,,,,,,,,,
七星道魔术师,Sevens Road Magician,Mago del Camino Sevens,セブンスロード・マジシャン,세븐즈로드 매지션,七王道魔術師,,,,,,,,,,,,,,,,,,
落单使魔,Straynge Cat,Gata Extrañojera,はぐれ使い魔,낙오자 사역마,流浪使魔,,,,,,,,,,,,,,,,,,
连击龙 齿车戒龙,Multistrike Dragon Dragias,Dragón Dragias Multiataque,連撃竜ドラギアス,연격룡 드라기아스,連擊龍禁制咒龍,,,,,,,,,,,,,,,,,,
双刃龙,Twin Edge Dragon,Dragón de Doble Filo,ツインエッジ・ドラゴン,트윈에지드래곤,雙刃龍,,,,,,,,,,,,,,,,,,
掌上小龙,Draco the Tiny,Draco el Diminuto,手乗りドラコ,테노리 드라코,掌上小龍,,,,,,,,,,,,,,,,,,
七星道魔女,Sevens Road Witch,Bruja del Camino Sevens,セブンスロード・ウィッチ,세븐즈로드 위치,七王道魔女,,,,,,,,,,,,,,,,,,
耳语妖精,Whispering Fairy,Hada Susurrante,ささやきの妖精,속닥속닥 요정,私語之妖精,,,,,,,,,,,,,,,,,,
龙队翻盘击球手,Sportsdragon Slugger,Sportdragón Bateador,ドラゴンズ・アップセッター,드래곤즈 업세터,翻盤龍打者,,,,,,,,,,,,,,,,,,
龙队布局投球手,Sportsdragon Pitcher,Sportdragón Lanzador,ドラゴンズ・セットアッパー,드래곤즈 세트어퍼,佈局龍投手,,,,,,,,,,,,,,,,,,
魔将 雅灭鲁拉,Yamiruler the Dark Delayer,Yamiruler el Retrasador Oscuro,魔将ヤメルーラ,마장야메룰러,魔將遏阻統帥,,,,,,,,,,,,,,,,,,
古之守护龟,Ancient Turtle Protector,Protector de Antigua Tortuga,古の守り亀,고대의 수호거북,古之守護龜,,,,,,,,,,,,,,,,,,
七星道法师,Sevens Road Mage,Brujo del Camino Sevens,セブンスロード・メイジ,세븐즈로드 메이지,七王道法師,,,,,,,,,,,,,,,,,,
斗将 难得斯,Nandes the Fire Awakener,Nandes el Despertador de Fuego,闘将ナンデス,투장 난데스,鬥將什麼,,,,,,,,,,,,,,,,,,
王家魔族·骨肉皮,Royal Rebel's Fanatic,Fanática del Rebelde Real,ロイヤルデモンズ・グルーピー,로얄데먼즈 그루피,皇家魔鬼迷妹,,,,,,,,,,,,,,,,,,
火星心少女,Sparkhearts Girl,Chica Despiertacorazones,スパークハーツ・ガール,스파크하츠 걸,火花心少女,,,,,,,,,,,,,,,,,,
超魔机神 大霸道王,Supreme Machine Magnum Overlord,Máquina Suprema Mágnum Jefe Supremo,超魔機神マグナム・オーバーロード,초마기신 매그넘 오버로드,超魔機神極超王道,,,,,,,,,,,,,,,,,,
祭神 莫多丽娜,Modorina the Light Retriever,Modorina la Recuperadora de Luz,祭神モドリーナ,제신 모도리나,祭神 歸曲,,,,,,,,,,,,,,,,,,
当方英雄,Hero of the Yeast,Héroe de Levadura,当方は英雄,통빵의 영웅,當方為英雄,,,,,,,,,,,,,,,,,,
,,,,,,,,,,,,,,,,,,,,,,,
